-- phpMyAdmin SQL Dump
-- version 5.2.1
-- https://www.phpmyadmin.net/
--
-- Máy chủ: 127.0.0.1
-- Thời gian đã tạo: Th10 25, 2024 lúc 02:51 AM
-- Phiên bản máy phục vụ: 10.4.28-MariaDB
-- Phiên bản PHP: 8.0.28

SET SQL_MODE = "NO_AUTO_VALUE_ON_ZERO";
START TRANSACTION;
SET time_zone = "+00:00";


/*!40101 SET @OLD_CHARACTER_SET_CLIENT=@@CHARACTER_SET_CLIENT */;
/*!40101 SET @OLD_CHARACTER_SET_RESULTS=@@CHARACTER_SET_RESULTS */;
/*!40101 SET @OLD_COLLATION_CONNECTION=@@COLLATION_CONNECTION */;
/*!40101 SET NAMES utf8mb4 */;

--
-- Cơ sở dữ liệu: `news_website`
--

-- --------------------------------------------------------

--
-- Cấu trúc bảng cho bảng `articles`
--

CREATE TABLE `articles` (
  `id` int(11) NOT NULL,
  `title` varchar(255) NOT NULL,
  `content` text NOT NULL,
  `image` varchar(255) DEFAULT NULL,
  `category_id` int(11) DEFAULT NULL,
  `user_id` int(11) DEFAULT NULL,
  `created_at` timestamp NOT NULL DEFAULT current_timestamp(),
  `views` int(11) DEFAULT 0,
  `status` enum('on','off') NOT NULL DEFAULT 'on'
) ENGINE=InnoDB DEFAULT CHARSET=utf8mb4 COLLATE=utf8mb4_general_ci;

--
-- Đang đổ dữ liệu cho bảng `articles`
--

INSERT INTO `articles` (`id`, `title`, `content`, `image`, `category_id`, `user_id`, `created_at`, `views`, `status`) VALUES
(20, 'Nhiều ông lớn nhận kết quả gây sốc tại Cúp C1 trong cùng ngày', 'Diễn biến của Champions League trong đêm 2/10 chứa đựng không ít bất ngờ, khi những Real Madrid, Bayern Munich và Atletico Madrid nhận những thất bại gây sốc trong khi Monaco cũng suýt chút nữa chung số phận. Điều gì khiến các đội mạnh này thi đấu kém thuyết phục như vậy? Có điểm chung nào là yếu tố mang lại những kết quả ngoài dự đoán vừa xảy ra?', '../uploads/bong da2.jpg', 3, 7, '2024-10-03 02:23:32', 5, 'on'),
(21, 'MU khốn khổ đợi Luke Shaw nghỉ thêm 2 tháng vì chấn thương', 'Người hâm mộ MU đang mòn mỏi chờ đợi ngày trở lại của Luke Shaw. Hậu vệ cánh người Anh được coi là một trong những cầu thủ hay nhất của “Quỷ đỏ” vào lúc này. Tuy nhiên, lần cuối cùng Luke Shaw ra sân cho MU đã cách đây gần 8 tháng. Cựu sao Southampton rời sân vì tái phát chấn thương bắp chân sau chỉ khoảng 20 phút thi đấu với Brighton.\n\nSau EURO 2024, tưởng như Luke Shaw sẽ tái xuất cùng MU. Tuy nhiên, hậu vệ cánh người Anh lại tái phát chấn thương bắp chân một lần nữa. Theo các bác sĩ chẩn đoán, Shaw cần khoảng 1 tháng để hồi phục. Điều này đồng nghĩa với việc số 3 của MU sẽ tái xuất trong khoảng cuối tháng 9 hoặc đầu tháng 10.\n\nThế nhưng theo tin mới nhất từ nội bộ MU, Luke Shaw sẽ phải ngồi ngoài thêm 6-8 tuần nữa vì… tái phát chấn thương bắp chân. Nếu đúng theo chẩn đoán, hậu vệ cánh người Anh chỉ có thể trở lại vào tháng 12. Đây có thể nói là tin cực tệ cho fan “Quỷ đỏ” bởi hậu vệ cánh trái khác là Malacia cũng chưa hẹn ngày trở lại. So với Shaw, cầu thủ người Hà Lan thậm chí còn “mất tích” lâu hơn.\n\nViệc Shaw liên tục tái phát chấn thương bắp chân cho thấy việc Ten Hag cố gắng sử dụng cầu thủ này ở mùa giải trước là sai lầm. Nhiều nguồn tin xác nhận hậu vệ người Anh chưa hoàn toàn bình phục nhưng vẫn cố ra sân trong trận đấu với Brighton . Đây cũng là lý do MU thận trọng trong việc đưa Luke Shaw trở lại vào lúc này.\n\nMainoo không thể đấu Porto\n\nMột thông tin khác liên quan đến tình hình nhân sự của MU là chấn thương của Kobbie Mainoo. Tài năng trẻ người Anh phải sớm rời sân trong trận đấu với Tottenham. Theo cập nhất mới nhất từ báo chí Anh, Kobbie Mainoo dính chấn thương gân kheo nhưng không quá nặng. Tuy nhiên, cầu thủ này không thể góp mặt trong trận đấu với Porto tại Europa League (2h, 4/10).\n\nKhả năng ra sân của tiền vệ người Anh vào cuối tuần này gặp Aston Villa cũng đang bị bỏ ngỏ. Như vậy, Ten Hag sẽ chỉ còn Casemiro, Ugarte và Eriksen cho vị trí tiền vệ trung tâm.', '../uploads/bong da3.jpg', 3, 7, '2024-10-03 02:28:09', 6, 'on'),
(22, 'Mỹ nhân nào sẽ là nữ hoàng mới showbiz Trung Quốc?', 'Trương Tử Phong, Văn Kỳ, Tống Tổ Nhi... là thế hệ tiểu hoa đán 9X, 10X được công chúng kỳ vọng sẽ có những bước tiến vượt bậc trong giới giải trí vào năm 2020.\n\nĐứng đầu trong danh sách các tiểu hoa đán 10X triển vọng sẽ tỏa sáng vào năm 2020 là nữ diễn viên trẻ Trương Tử Phong. Năm 2019, cô lần đầu thử sức với hình tượng nữ sinh nổi loạn trong tác phẩm Tôi và tổ quốc của tôi. Vai diễn một lần nữa chứng minh năng lực diễn xuất của Tử Phong. Bước sang năm 2020, sao nữ họ Trương sẽ tiếp tục khuấy đảo màn ảnh với 5 tác phẩm là Sủng ái, Thân ái chào năm mới, Năm tháng vội qua, Tạm biệt thiếu niên, Bí ẩn của du khách và bộ phim điện ảnh ăn khách Thám tử phố Tàu 3 hợp tác cùng Vương Bảo Cường, Lưu Hạo Nhiên được chiếu vào dịp Tết Nguyên đán. Người đẹp được giao 3 vai chính trong tổng số 5 tác phẩm.\n\nKỹ năng diễn xuất vượt trội so với tuổi cũng như việc không ngại thử sức với các vai diễn nặng ký, liên tục đổi mới hình ảnh giúp nàng tiểu hoa được đánh giá có chỉ số tiềm lực lên đến 91.12, đứng thứ 3 sau Châu Đông Vũ (96.15), Dương Tử (94.35). Trương Tử Phong sinh năm 2001 có nhiều tác phẩm nổi bật như Đường Sơn đại địa chấn,Thám tử phố Tàu, Mau mang anh trai tôi đi giùm cái, Chào em Chi Hoa...\n\nCô tham gia điện ảnh ngay từ nhỏ và đạt nhiều thành tích xuất sắc, được gọi là \"tiểu ảnh hậu\" của Trung Quốc. Năm vừa tròn 9 tuổi, Tử Phong đoạt giải Nữ diễn viên mới xuất sắc tại Lễ trao giải Bách Hoa. Năm 2016, cô trở thành sao nữ 10X đầu tiên được đề cử Giải Bạch Ngọc Lan. Năm 2018, Trương Tử Phong tiếp tục chứng minh khả năng diễn xuất khi được đề cử Nữ diễn viên phụ xuất sắc tại LHP Kim Mã. Cô cũng là nữ diễn viên 10X có doanh thu phòng vé cao nhất Trung Quốc ở thời điểm hiện tại.', '../uploads/dienvien1.webp', 2, 7, '2024-10-03 02:34:25', 10, 'on'),
(23, 'Mặt mộc xinh như mộng của cosplayer nổi tiếng Hàn Quốc', 'Nổi tiếng nhờ các màn cosplay nhân vật nổi tiếng, Hina còn khiến khán giả thêm hâm mộ mê khi để lộ mặt mộc xinh đẹp thuần khiết...Nổi tiếng nhờ các màn cosplay nhân vật nổi tiếng, Hina còn khiến khán giả thêm hâm mộ mê khi để lộ mặt mộc xinh đẹp thuần khiết.\n\nTheo Insight, cosplayer người Hàn Quốc có biệt danh Hina đang gây chú ý trên nhiều trang mạng xã hội sau khi chia sẻ một clip trang điểm. Cụ thể, cô vừa thực hiện các bước make up đơn giản vừa hát nhép theo một bài hát Nhật Bản. Ở những thước phim đầu, Hina xuất hiện với gương mặt mộc thanh tú, đáng yêu.\n\n\"Mặt mộc còn đẹp hơn khi trang điểm\", \"Mặt mộc thôi cũng hoàn hảo rồi\" hay \"Gương mặt này chỉ cần tô chút son thôi cũng xinh\" là những bình luận của người xem. Clip cũng nhanh chóng nhận được hơn 1 triệu lượt xem và 44.000 lượt thích.\n\nHina sinh năm 2001, là cosplayer nổi tiếng ở Hàn Quốc, Nhật Bản, Trung Quốc và một số quốc gia châu Á. Cô cũng là nhà sáng tạo nội dung trên YouTube và một số nền tảng mạng xã hội. Cô thường xuyên cosplay các nhân vật trong game, hình tượng nổi tiếng hay truyện tranh Nhật Bản.\n\n', '../uploads/hina1.jpg', 2, 7, '2024-10-03 02:43:42', 37, 'on'),
(24, 'Chứng khoán tiếp tục đi lùi', 'Cùng chiều với các thị trường lớn trong khu vực, VN-Index chốt phiên 2/10 trong sắc đỏ khi nhà đầu tư thận trọng trước những biến động địa chính trị.\n\nVN-Index tiếp tục thất bại ở ngưỡng 1.300 điểm khiến nhà đầu tư trở nên thận trọng hơn, cùng với tác động từ căng thẳng địa chính trị tại Trung Đông. Chỉ số của sàn HoSE mở cửa dưới tham chiếu, đi ngang trong phần lớn thời gian giao dịch. Bên mua và bán đều ở thế thăm dò khi các thông tin tích cực và tiêu cực đan xen.\n\nTrung Quốc tung hàng loạt các gói cứu trợ kinh tế được giới phân tích dự báo có thể tạo hiệu ứng tích cực lên thị trường chứng khoán. Tuy nhiên, tài sản rủi ro bị bán tháo ồ ạt trong phiên khi căng thẳng tại Trung Đông gia tăng. Hàng loạt thị trường chứng khoán châu Á cũng đi xuống, gồm Nhật Bản và Hàn Quốc.\n\nVN-Index chốt phiên tại 1287,84 điểm, giảm 4,36 điểm (0,34%), mức thấp nhất một tuần. VN30-Index mất hơn 4 điểm (0,32%), còn 1.354,51 điểm. Trên sàn Hà Nội, HNX-Index và UPCOM-Index biến động gần tham chiếu.\n\nThanh khoản thị trường cũng giảm so với những phiên gần đây, đạt hơn 19.000 tỷ đồng. Trong đó, thanh khoản trên sàn HoSE chiếm hơn 17.700 tỷ, thấp hơn 5.000 tỷ đồng so với phiên trước.\n\nSắc đỏ chiếm áp đảo hoàn toàn với sàn HoSE, chỉ 96 cổ phiếu tăng giá so với 299 mã giảm. Nhà đầu tư nước ngoài mua ròng hơn 250 tỷ đồng.\n\nDòng tiền của nhà đầu tư vẫn tập trung vào ba nhóm ngành chính, là ngân hàng, bất động sản và dịch vụ tài chính. VCB là cổ phiếu đóng góp nhiều nhất cho VN-Index với gần 1 điểm, khi mã này tăng 0,76%, lên 92.700 đồng. Ngược lại, HPG là cổ phiếu ghì chỉ số xuống nhiều nhất khi mất gần 1,7%.', '../uploads/ck1.jpg', 4, 7, '2024-10-03 02:52:53', 15, 'on'),
(25, 'Đề xuất vị trí 26 ga đường sắt tốc độ cao Bắc Nam', 'Đường sắt tốc độ cao Bắc Nam dự kiến dài 1.541 km, đi qua 20 tỉnh thành, có 23 ga hành khách (trong đó hai ga cả hành khách và hàng hóa) và 3 ga hàng hóa.\n\nLiên danh Tư vấn TEDI-TRICC-TEDIS đề xuất 23 ga hành khách đi qua 20 tỉnh thành, mỗi tỉnh có một nhà ga hành khách. Riêng tỉnh Hà Tĩnh được bố trí hai ga là Hà Tĩnh và Vũng Áng; tỉnh Bình Định có hai ga Bồng Sơn và Diêu Trì; tỉnh Bình Thuận có hai ga Phan Rí, Mương Mán.\n\nTrên tuyến có 5 ga hàng hóa là Ngọc Hồi, Vũng Áng, Chu Lai, Vân Phong, Trảng Bom để phục vụ vận chuyển hàng hóa khi có nhu cầu. Trong đó Ngọc Hồi và Vũng Áng vừa là ga hành khách vừa là ga hàng hóa. Do đó xét tổng thể toàn tuyến, số lượng ga là 26.\n\nTheo đơn vị tư vấn, khoảng cách giữa các ga đảm bảo cự ly tối thiểu khoảng 30 km. Tùy theo biểu đồ chạy của từng tàu để bố trí việc dừng đỗ tại các ga, không phải tàu nào cũng dừng đỗ tất cả ga.\n\nVị trí hướng tuyến và nhà ga đường sắt tốc độ cao được nghiên cứu phù hợp với hiện trạng, quy hoạch phát triển của địa phương. Ga được đặt tại khu trung tâm kinh tế, chính trị của địa phương, tiếp cận trung tâm đô thị, khu vực quy hoạch có tiềm năng tạo ra không gian phát triển mới, khai thác nguồn lực quỹ đất.\n\nTừ Hà Nội đến TP HCM, hiện có 19 đô thị có quy mô 500.000 dân trở lên, trong đó có 2 đô thị đặc biệt và 17 đô thị loại 1, bảo đảm khả năng kết nối tốt với hệ thống giao thông công cộng và khai thác có hiệu quả hạ tầng.\n\nDự án đường sắt tốc độ cao Bắc Nam được Bộ Giao thông Vận tải đề xuất có tổng mức đầu tư sơ bộ 67,34 tỷ USD, tuyến đường đôi, khổ 1.435 mm, điện khí hóa, tốc độ thiết kế 350 km/h, tốc độ khai thác 320 km/h, thời gian đi lại giữa Hà Nội và TP HCM khoảng 5,5 giờ.\n\nHội nghị Trung ương 10 ngày 18-20/9 đã thống nhất chủ trương đầu tư dự án đường sắt tốc độ cao trục Bắc Nam. Theo kế hoạch, dự án sẽ được trình Quốc hội tại kỳ họp thứ 8 khai mạc trong tháng 10.', '../uploads/ts1.jpg', 1, 7, '2024-10-03 02:59:15', 122, 'on'),
(27, 'Bí thư Nam Định làm Phó chánh Văn phòng Trung ương Đảng', 'Ông Phạm Gia Túc, Bí thư Tỉnh ủy Nam Định, được Bộ Chính trị điều động, bổ nhiệm giữ chức Phó chánh Văn phòng Trung ương Đảng.\r\n\r\nChiều 12/11, Thường trực Ban Bí thư, Chủ nhiệm Ủy ban Kiểm tra Trung ương Trần Cẩm Tú trao quyết định của Bộ Chính trị cho ông Phạm Gia Túc.\r\n\r\nTheo ông Tú, ông Túc trưởng thành từ cơ sở, có năng lực và kinh nghiệm quản lý phong phú, luôn hoàn thành nhiệm vụ trên các cương vị công tác.', '../uploads/tolam.jpg', 1, 7, '2024-11-12 15:22:29', 0, 'on'),
(28, 'Phó Ban Nội chính Trung ương làm Bí thư Tỉnh ủy Nam Định', 'Ông Phạm Gia Túc, Ủy viên Trung ương Đảng, Phó Ban Nội chính Trung ương, được điều động, phân công giữ chức Bí thư Tỉnh ủy Nam Định nhiệm kỳ 2020 - 2025.\r\n\r\nQuyết định của Bộ Chính trị được Trưởng ban Tổ chức Trung ương Trương Thị Mai trao cho ông Túc tại trụ sở Tỉnh ủy Nam Định, sáng 6/5.\r\n\r\nTrước đó đầu tháng 4, ông Đoàn Hồng Phong - Bí thư Tỉnh ủy Nam Định, đã được Quốc hội phê chuẩn, bổ nhiệm giữ chức Tổng Thanh tra Chính phủ.', '../uploads/namdinh.jpg', 1, 7, '2024-11-12 15:40:10', 9, 'on'),
(29, '\'Người nhập cư rời đi sẽ thúc đẩy TP HCM nhanh chuyển đổi\'', 'Người nhập cư rời đi, trước mắt ngành thâm dụng lao động thiếu nhân lực, song thúc đẩy thành phố chuyển đổi nhanh để thích ứng, tạo lực hút mới, theo Phó chủ tịch UBND TP HCM.\r\n\r\nBà Trần Thị Diệu Thúy, Phó chủ tịch UBND TP HCM trả lời phỏng vấn VnExpress trước bối cảnh hai năm liên tiếp (2022-2023) tỷ lệ tăng dân số cơ học ở thành phố giảm.', '../uploads/nguoinhapcu.jpg', 1, 7, '2024-11-13 00:58:27', 0, 'on'),
(31, 'Chủ tịch Nghệ An làm Bí thư Tỉnh ủy', 'Ông Nguyễn Đức Trung, Phó bí thư Tỉnh ủy, Chủ tịch UBND tỉnh Nghệ An, được bầu giữ chức Bí thư Tỉnh ủy nhiệm kỳ 2020-2025.\r\n\r\nChiều 11/11, Ban Chấp hành Đảng bộ tỉnh Nghệ An đã bầu ông Nguyễn Đức Trung làm Bí thư Tỉnh ủy với 100% đại biểu có mặt tán thành. Ông Trung sẽ thay người tiền nhiệm Thái Thanh Quý được điều động giữ chức Phó ban Kinh tế Trung ương hôm 26/10.', '../uploads/nguyenductrung.jpg', 1, 7, '2024-11-13 01:01:26', 0, 'on'),
(32, 'Gỡ thẻ vàng thủy sản', 'Theo kế hoạch, tháng 11 này, đoàn kiểm tra của Ủy ban châu Âu (EC) sẽ trở lại Việt Nam để đánh giá kết quả thực hiện các khuyến nghị về chống đánh bắt hải sản bất hợp pháp, không báo cáo và không theo quy định (gọi tắt là IUU).', '../uploads/tranlong.png', 5, 7, '2024-11-13 01:10:28', 0, 'on'),
(33, 'Nút thắt \'thể chế\'', 'Thập niên 1960, khi cả nước áp dụng mô hình hợp tác xã tập thể hóa, Bí thư Tỉnh ủy Vĩnh Phúc - Kim Ngọc - đã sớm nhận ra những hậu quả của cách “quản lý bằng tiếng kẻng, rong công phóng điểm”, dẫn đến những cánh đồng chung xơ xác, nguy cơ thiếu đói hiển hiện.', '../uploads/thêch.jpg', 5, 7, '2024-11-13 01:14:10', 0, 'on'),
(34, 'Lãng phí do chất lượng luật', 'Tôi vừa tham gia buổi giới thiệu về tòa nhà Trung tâm khởi nghiệp sáng tạo TP HCM (Sihub) sắp đi vào hoạt động.', '../uploads/chatluongluat.jpg', 5, 7, '2024-11-13 01:56:14', 0, 'on'),
(36, 'Đất nước nhiều luật', 'Tôi có nhiều dịp đàm đạo với chuyên gia đến từ các nước trong quá trình tham gia tư vấn cho các dự án theo lời mời của Ngân hàng Thế giới (World Bank).', '../uploads/thêch.jpg', 5, 7, '2024-11-13 01:58:55', 0, 'on'),
(37, 'Chủ tịch nước bắt đầu thăm Peru và dự Tuần lễ Cấp cao APEC', 'Chủ tịch nước Lương Cường đến thủ đô Lima, bắt đầu chuyến thăm chính thức Peru và tham dự Tuần lễ Cấp cao APEC 2024.\r\n\r\nChủ tịch nước Lương Cường đến sân bay quốc tế Jorge Chavez ở Lima vào lúc 15h45 ngày 12/11 (3h45 ngày 13/11 giờ Hà Nội), bắt đầu đầu chuyến thăm chính thức Peru và tham dự Tuần lễ Cấp cao Diễn đàn Hợp tác kinh tế châu Á - Thái Bình Dương (APEC) 2024, theo lời mời của Tổng thống Dina Ercilia Boluarte Zegarra.\r\n\r\nĐón Chủ tịch nước Lương Cường tại sân bay có các quan chức chính phủ Peru, Đại sứ Việt Nam tại Brazil kiêm nhiệm Peru Bùi Văn Nghị và cán bộ, nhân viên đại sứ quán Việt Nam.', '../uploads/Chu-ti-ch-nu-o-c-de-n-Peru-jpe-2003-8126-1731453741.jpg', 6, 7, '2024-11-13 02:00:55', 0, 'on'),
(38, 'Chile mong muốn tăng cường quan hệ với Việt Nam', 'Tổng thống Chile Gabriel Boric Font nói luôn coi trọng và mong muốn tăng cường quan hệ với Việt Nam, khi hội đàm với Chủ tịch nước Lương Cường.\r\n\r\nChủ tịch nước Lương Cường hội đàm với Tổng thống Chile Gabriel Boric Font sáng 11/11, cùng đánh giá tình hình phát triển của quan hệ song phương và trao đổi về các vấn đề khu vực, quốc tế cùng quan tâm, theo thông cáo Bộ Ngoại giao.\r\n\r\nTổng thống Font cho biết chuyến thăm của Chủ tịch nước Lương Cường có ý nghĩa đặc biệt quan trọng, là chuyến thăm Chile đầu tiên ở cấp nguyên thủ Việt Nam trong vòng 15 năm qua. Lãnh đạo Chile tin tưởng chuyến thăm sẽ tạo động lực mạnh mẽ, làm sâu sắc hơn nữa quan hệ hai nước.\r\n\r\nTổng thống khẳng định Chile luôn coi trọng và mong muốn tăng cường quan hệ với Việt Nam trong tổng thể chính sách đối với khu vực châu Á - Thái Bình Dương, đặc biệt trong bối cảnh Việt Nam và Chile kỷ niệm 10 năm thực thi Hiệp định thương mại tự do song phương và hai nước cùng là thành viên của Hiệp định Đối tác Toàn diện và Tiến bộ xuyên Thái Bình Dương (CPTPP).', '../uploads/chu-tich-nuoc-luong-cuong-hoi-6842-3218-1731367749.jpg', 6, 7, '2024-11-13 02:02:19', 0, 'on'),
(39, 'Cuộc đua trong dinh thự ông Trump ở Mar-a-Lago', 'Một cuộc cạnh tranh để gặp được Tổng thống đắc cử Mỹ Donald Trump đang diễn ra ở dinh thự Mar-a-Lago, tâm điểm trong quá trình chuyển giao quyền lực của ông.\r\n\r\nKhu nghỉ dưỡng kiêm câu lạc bộ tư nhân Mar-a-Lago ở Palm Beach, Florida, đã trở thành trung tâm trong quá trình chuyển giao quyền lực của Tổng thống đắc cử Donald Trump sau khi ông chiến thắng cuộc đua Nhà Trắng hồi tuần trước.\r\n\r\nCác lãnh đạo nước ngoài, nhà thầu và những người tìm kiếm cơ hội việc làm trong chính quyền mới đang đổ về đây, lấp đầy các khách sạn xung quanh nơi từng được mệnh danh là \"Nhà Trắng mùa đông\" của Trump. Họ cũng tìm thuê các bất động sản gần đó trong ba tháng tới để có cơ hội gặp mặt Tổng thống đắc cử cũng như các cố vấn hàng đầu bên cạnh ông nhiều nhất có thể.', '../uploads/trump-2-gty-er-240808-17231414-6469-7552-1731317813.jpg', 6, 7, '2024-11-13 02:05:37', 0, 'on'),
(40, 'Giá vàng thế giới xuống thấp nhất 2 tháng', 'Đồng đôla mạnh và nhà đầu tư lạc quan về tăng trưởng kinh tế thời ông Trump khiến giá vàng giảm phiên thứ hai liên tiếp, xuống dưới 2.600 USD.\r\n\r\nChốt phiên giao dịch ngày 12/11, giá vàng thế giới giao ngay giảm 21 USD xuống 2.597 USD một ounce. Có thời điểm mỗi ounce xuống 2.589 USD.\r\n\r\nĐây là phiên hạ thứ hai liên tiếp của kim loại quý trong tuần này, kéo giá về thấp nhất kể từ ngày 20/9.', '../uploads/gold-2024-11-13T075629-138-8478-1731459442.jpg', 4, 7, '2024-11-13 02:07:59', 0, 'on'),
(41, 'Vietnam Airlines dự kiến thuê 4 tàu bay dịp Tết Ất Tỵ', 'Nếu thuê được 4 tàu bay, Vietnam Airlines sẽ có thêm gần 130.000 chỗ đáp ứng nhu cầu đi lại của người dân dịp Tết Ất Tỵ.\r\n', '../uploads/may-bay-8057-1731388608.jpg', 4, 7, '2024-11-13 02:10:45', 0, 'on');

-- --------------------------------------------------------

--
-- Cấu trúc bảng cho bảng `article_images`
--

CREATE TABLE `article_images` (
  `id` int(11) NOT NULL,
  `article_id` int(11) DEFAULT NULL,
  `image_path` varchar(255) DEFAULT NULL,
  `caption` varchar(255) DEFAULT NULL,
  `image_contents` text DEFAULT NULL
) ENGINE=InnoDB DEFAULT CHARSET=utf8mb4 COLLATE=utf8mb4_general_ci;

--
-- Đang đổ dữ liệu cho bảng `article_images`
--

INSERT INTO `article_images` (`id`, `article_id`, `image_path`, `caption`, `image_contents`) VALUES
(19, 20, '../uploads/bong da 1logo.jpg', 'Real Madrid thua quá mất mặt trước Lille', 'Ngoài ra, bản tin hôm nay có các thông tin đáng chú ý: Saka tiết lộ bí quyết Arsenal hiệu quả tình huống cố định; Liverpool chi cực đậm, khả năng giật Branthwaite trước MU; Chelsea âm thầm tái xúc tiến thương vụ Osimhen 100 triệu euro. Mời các bạn đón xem!'),
(20, 21, '../uploads/bong da4.jpg', 'Shaw sẽ vắng mặt trong giai đoạn đầu mùa giải', 'Sau EURO 2024, tưởng như Luke Shaw sẽ tái xuất cùng MU. Tuy nhiên, hậu vệ cánh người Anh lại tái phát chấn thương bắp chân một lần nữa. Theo các bác sĩ chẩn đoán, Shaw cần khoảng 1 tháng để hồi phục. Điều này đồng nghĩa với việc số 3 của MU sẽ tái xuất trong khoảng cuối tháng 9 hoặc đầu tháng 10.\r\n\r\nThế nhưng theo tin mới nhất từ nội bộ MU, Luke Shaw sẽ phải ngồi ngoài thêm 6-8 tuần nữa vì… tái phát chấn thương bắp chân. Nếu đúng theo chẩn đoán, hậu vệ cánh người Anh chỉ có thể trở lại vào tháng 12. Đây có thể nói là tin cực tệ cho fan “Quỷ đỏ” bởi hậu vệ cánh trái khác là Malacia cũng chưa hẹn ngày trở lại. So với Shaw, cầu thủ người Hà Lan thậm chí còn “mất tích” lâu hơn.\r\n\r\nViệc Shaw liên tục tái phát chấn thương bắp chân cho thấy việc Ten Hag cố gắng sử dụng cầu thủ này ở mùa giải trước là sai lầm. Nhiều nguồn tin xác nhận hậu vệ người Anh chưa hoàn toàn bình phục nhưng vẫn cố ra sân trong trận đấu với Brighton . Đây cũng là lý do MU thận trọng trong việc đưa Luke Shaw trở lại vào lúc này.\r\n\r\nMainoo không thể đấu Porto\r\n\r\nMột thông tin khác liên quan đến tình hình nhân sự của MU là chấn thương của Kobbie Mainoo. Tài năng trẻ người Anh phải sớm rời sân trong trận đấu với Tottenham. Theo cập nhất mới nhất từ báo chí Anh, Kobbie Mainoo dính chấn thương gân kheo nhưng không quá nặng. Tuy nhiên, cầu thủ này không thể góp mặt trong trận đấu với Porto tại Europa League (2h, 4/10).\r\n\r\nKhả năng ra sân của tiền vệ người Anh vào cuối tuần này gặp Aston Villa cũng đang bị bỏ ngỏ. Như vậy, Ten Hag sẽ chỉ còn Casemiro, Ugarte và Eriksen cho vị trí tiền vệ trung tâm.'),
(21, 22, '../uploads/dienvien2.webp', '', 'Kỹ năng diễn xuất vượt trội so với tuổi cũng như việc không ngại thử sức với các vai diễn nặng ký, liên tục đổi mới hình ảnh giúp nàng tiểu hoa được đánh giá có chỉ số tiềm lực lên đến 91.12, đứng thứ 3 sau Châu Đông Vũ (96.15), Dương Tử (94.35). Trương Tử Phong sinh năm 2001 có nhiều tác phẩm nổi bật như Đường Sơn đại địa chấn,Thám tử phố Tàu, Mau mang anh trai tôi đi giùm cái, Chào em Chi Hoa...'),
(22, 22, '../uploads/dienvien3.webp', '', 'Cô tham gia điện ảnh ngay từ nhỏ và đạt nhiều thành tích xuất sắc, được gọi là \"tiểu ảnh hậu\" của Trung Quốc. Năm vừa tròn 9 tuổi, Tử Phong đoạt giải Nữ diễn viên mới xuất sắc tại Lễ trao giải Bách Hoa. Năm 2016, cô trở thành sao nữ 10X đầu tiên được đề cử Giải Bạch Ngọc Lan. Năm 2018, Trương Tử Phong tiếp tục chứng minh khả năng diễn xuất khi được đề cử Nữ diễn viên phụ xuất sắc tại LHP Kim Mã. Cô cũng là nữ diễn viên 10X có doanh thu phòng vé cao nhất Trung Quốc ở thời điểm hiện tại.'),
(23, 22, '../uploads/dienvien4.webp', '', 'Thời điểm cuối năm 2019, Lý Lan Địch trở thành cái tên được công chúng chú ý sau khi Mộng hồi Đại Thanh có sự tham gia của cô lên sóng màn ảnh nhỏ, nhưng theo chiều hướng tiêu cực. Bộ phim có nội dung bị đánh giá là kém chất lượng, còn nữ diễn viên bị chỉ trích vì ngoại hình mập mạp, kém sắc. Dù vậy, cô vẫn lọt vào top 25 những hoa đán sẽ tỏa sáng trong năm 2020. Lý Lan Địch sinh năm 1999 tại Bắc Kinh và được xếp vào hàng tiểu hoa thế hệ 10X tài danh của Trung Quốc. Tài năng của cô cũng được tiền bối Chương Tử Di khen ngợi.'),
(24, 22, '../uploads/dienvien5.webp', '', 'Năm 2019, Triệu Kim Mạch được công chúng yêu mến sau thành công của bộ phim Mối tình đầu đóng cùng Lại Quán Lâm. Nữ diễn viên sinh năm 2002 hiện là tên tuổi được nhiều nhà đài ưu ái nhờ tính cách dễ thương, thân thiện. Mới đây, cô gây chú ý khi tham gia show truyền hình Đối tác trào lưu cùng đàn anh, đàn chị tên tuổi như Ngô Diệc Phàm, Angelababy, Phan Vỹ Bá... Dù chưa tròn 18 tuổi, song Kim Mạch đã có 9 năm kinh nghiệm diễn xuất. Cô một bước trở thành sao khi được Ngô Kinh chọn vào vai Hàn Đóa Đóa trong bom tấn Lưu lạc địa cầu.'),
(25, 22, '../uploads/dienvien6.webp', '', 'Châu Dã là cái tên xa lạ trong giới giải trí đầy những gương mặt nổi tiếng. Nhưng cô đang được giới chuyên môn đánh giá là một phát hiện thú vị và có tiềm năng trở thành ngôi sao điện ảnh trên màn ảnh rộng Hoa ngữ tương lai. Cuối năm 2019, nữ diễn viên sinh năm 1998 bật lên hàng tiểu hoa đán tiềm năng sau khi đảm nhận vai diễn Ngụy Lai - người cầm đầu băng nhóm cá biệt, chuyên gây hấn và ức hiếp Trần Niệm (Châu Đông Vũ đóng) trong Em của thời niên thiếu. Diễn xuất của người đẹp này chân thật đến mức khiến nhiều khán giả mắng chửi cô trên mạng xã hội, còn giới chuyên môn thì không ngớt lời khen ngợi Châu Dã khi xuất sắc hóa thân thành nhân vật Ngụy Lai với hai tính cách đối lập lúc cô đơn trống rỗng, lúc hoang dại, bất cần đời.'),
(26, 22, '../uploads/dienvien7.webp', '', 'Nữ diễn viên sinh năm 1999 Nhậm Mẫn được công chúng biết đến sau bộ phim Bi thương một dòng sông. Diễn xuất của cô được nhận xét có ma lực thần kỳ cuốn hút người xem.'),
(27, 22, '../uploads/dienvien8.webp', '', 'Đặng Ân Hy năm nay 14 tuổi được đông đảo khán giả yêu mến sau khi trở thành con gái của Lâm Tâm Như bộ phim Phía sau nghi can X 2017 do Tô Hữu Bằng đạo diễn. Dù chỉ là tuyến nhân vật phụ, song diễn xuất của cô được đánh giá rất cao và để lại dấu ấn trong lòng công chúng. Gần đây, cô gây chú ý với ngoại hình nổi bật, lớn phổng phao như thiếu nữ 18 tuổi.'),
(28, 23, '../uploads/hina11.jpg', '', 'Theo Insight, cosplayer người Hàn Quốc có biệt danh Hina đang gây chú ý trên nhiều trang mạng xã hội sau khi chia sẻ một clip trang điểm. Cụ thể, cô vừa thực hiện các bước make up đơn giản vừa hát nhép theo một bài hát Nhật Bản. Ở những thước phim đầu, Hina xuất hiện với gương mặt mộc thanh tú, đáng yêu.'),
(29, 23, '../uploads/hina2.jpg', '', '\"Mặt mộc còn đẹp hơn khi trang điểm\", \"Mặt mộc thôi cũng hoàn hảo rồi\" hay \"Gương mặt này chỉ cần tô chút son thôi cũng xinh\" là những bình luận của người xem. Clip cũng nhanh chóng nhận được hơn 1 triệu lượt xem và 44.000 lượt thích.'),
(30, 23, '../uploads/hina3.jpg', '', ''),
(31, 23, '../uploads/hina4.jpg', '', 'Hina sinh năm 2001, là cosplayer nổi tiếng ở Hàn Quốc, Nhật Bản, Trung Quốc và một số quốc gia châu Á. Cô cũng là nhà sáng tạo nội dung trên YouTube và một số nền tảng mạng xã hội. Cô thường xuyên cosplay các nhân vật trong game, hình tượng nổi tiếng hay truyện tranh Nhật Bản.'),
(32, 23, '../uploads/hina5.jpg', '', ''),
(33, 23, '../uploads/hina6.jpg', '', 'Với khả năng trang điểm và gương mặt, vóc dáng dễ hóa thân, Hina được nhiều người đánh giá cao các tạo hình cosplay. Cô luôn đầu tư từ trang phục, tóc giả đến phụ kiện một cách kỹ lưỡng để giống bản gốc nhất có thể.'),
(34, 23, '../uploads/hina7.jpg', '', 'Thường ngày, Hina theo đuổi phong cách nữ tính, ngọt ngào. Cô không công khai nhiều thông tin cá nhân trên mạng xã hội mà chủ yếu chia sẻ các sản phẩm cosplay và một số khoảnh khắc đời thường.'),
(35, 23, '../uploads/hina8.jpg', '', ''),
(36, 23, '../uploads/hina9.jpg', '', 'Thông qua bài trắc nghiệm tính cách MBTI, Hina cho biết cô thuộc nhóm ISTP - người hướng nội, kín đáo, yêu thích những không gian yên tĩnh và ít người. Người nhóm ISTP cũng có xu hướng thích trò chuyện với những người quen, bạn bè hơn.'),
(37, 23, '../uploads/hina10.jpg', '', 'Hina hiện có gần 830.000 người theo dõi trên Instagram. Nhờ vẻ ngoài cuốn hút, cô nhận được nhiều lời mời quảng cáo sản phẩm trên mạng xã hội'),
(38, 24, '../uploads/ck2.jpg', '', 'Trong nhóm vốn hóa lớn, lực đỡ chính vẫn thuộc về nhóm ngân hàng, với 8/10 mã tăng giá cuối phiên. Ngoài VCB, TPB là mã tăng tốt nhất nhóm bluechip khi có thêm hơn 2,3%, TCB tăng hơn 1%, SSB, BID, ACB, MBB, STB đóng cửa trong sắc xanh.\r\n\r\nNgược lại, một số mã ngân hàng và các nhóm khác chịu áp lực điều chỉnh. HDB, SAB, CTG, SHB, VRE, VIB, BCM, VPB chốt phiên mất hơn 1%, VIC, SSI, MWG, FPT, VJC cũng trong sắc đỏ. Ở nhóm vốn hóa trung bình, chỉ có một số nhóm nhỏ như phân bón, xây lắp trụ trên tham chiếu, phần còn lại đa số dừng dưới tham chiếu.\r\n\r\nMinh Sơn'),
(39, 25, '../uploads/ts2.jpg', '', 'Ga Hà Tĩnh đặt tại xã Thạch Đài, huyện Thạch Hà, phía tây TP Hà Tĩnh, nằm trên trục đường Hàm Nghi nối vào trung tâm.\r\n\r\nTỉnh Hà Tĩnh còn có ga hành khách và hàng hóa Vũng Áng đặt tại xã Kỳ Hoa, huyện Kỳ Anh, gần tuyến tránh Kỳ Anh.\r\n\r\nGa Đồng Hới đặt tại xã Nghĩa Ninh, TP Đồng Hới, tỉnh Quảng Bình, cách trung tâm TP Đồng Hới khoảng 4,5 km về phía tây nam.\r\n\r\nGa Đông Hà nằm ở phường Đông Lương, TP Đông Hà, tỉnh Quảng Trị, phía tây TP Đông Hà.\r\n\r\nGa Huế đặt tại xã Phú Mỹ, huyện Phú Vang, tỉnh Thừa Thiên Huế.\r\n\r\nGa Đà Nẵng đặt tại xã Hòa Sơn, huyện Hòa Vang, TP Đà Nẵng, khu vực phía Bắc nút giao giữa đường Bà Nà - Suối Mơ với đường bộ cao tốc Bắc Nam.\r\n\r\nTại Quảng Nam, ga Tam Kỳ đặt tại phường Trường Xuân, TP Tam Kỳ, gần tuyến tránh TP Tam Kỳ. Tỉnh này còn có ga hàng hóa Chu Lai tại khu vực giáp ranh xã Tam Hiệp và xã Tam Mỹ Tây, huyện Núi Thành. Nhà ga sẽ phục vụ kết nối với cảng hàng không Chu Lai, các cảng biển Kỳ Hà, Dung Quất.\r\n\r\nGa Quảng Ngãi đặt tại phường Quảng Phú, TP Quảng Ngãi và xã Nghĩa Kỳ, huyện Tư Nghĩa, nằm ở khu vực phía tây thành phố.\r\n\r\nTại Bình Định, ga Bồng Sơn, thuộc xã Hoài Tân và thị trấn Bồng Sơn, thị xã Hoài Nhơn. Tỉnh này còn có ga Diêu Trì đặt tại xã Phước An, huyện Tuy Phước.\r\n\r\nTại Phú Yên, ga Tuy Hòa đặt tại xã Hòa Thành, thị xã Đông Hòa, cách sân bay khoảng 4,2 km về phía tây.\r\n\r\nTại tỉnh Khánh Hòa, ga Diên Khánh được đặt xã Diên Thạnh, huyện Diên Khánh gần quốc lộ 27C, cách trung tâm TP Nha Trang khoảng 11 km về phía tây. Tỉnh này còn có ga hàng hóa Vân Phong tại xã Ninh An, thị xã Ninh Hòa để đảm bảo đồng bộ, phù hợp định hướng phát triển của khu kinh tế Vân Phong.\r\n\r\nGa Tháp Chàm được bố trí tại phường Phước Mỹ, TP Phan Rang, tỉnh Ninh Thuận, gần vị trí giao quốc lộ 27.\r\n\r\nGa Phan Rí đặt tại xã Phan Hòa, huyện Bắc Bình, tỉnh Bình Thuận, cách trung tâm thị xã Phan Rí Cửa khoảng 5 km. Tỉnh này còn có ga Mương Mán, thuộc xã Mương Mán, huyện Hàm Thuận Nam, đặt cách ga Mương Mán hiện tại khoảng 0,4 km, cách trung tâm TP Phan Thiết khoảng 13,2 km.\r\n\r\nTỉnh Đồng Nai có ga hàng hóa Trảng Bom phục vụ trung chuyển hàng hóa. Ngoài ra, ga Long Thành đặt tại khu vực trung tâm sân bay thuộc xã Bình Sơn, huyện Long Thành.\r\n\r\nCuối tuyến là ga Thủ Thiêm nằm tại phường An Phú, TP Thủ Đức, TP HCM.\r\n\r\nTheo đơn vị tư vấn, khoảng cách giữa các ga đảm bảo cự ly tối thiểu khoảng 30 km. Tùy theo biểu đồ chạy của từng tàu để bố trí việc dừng đỗ tại các ga, không phải tàu nào cũng dừng đỗ tất cả ga.\r\n\r\nVị trí hướng tuyến và nhà ga đường sắt tốc độ cao được nghiên cứu phù hợp với hiện trạng, quy hoạch phát triển của địa phương. Ga được đặt tại khu trung tâm kinh tế, chính trị của địa phương, tiếp cận trung tâm đô thị, khu vực quy hoạch có tiềm năng tạo ra không gian phát triển mới, khai thác nguồn lực quỹ đất.\r\n\r\nTừ Hà Nội đến TP HCM, hiện có 19 đô thị có quy mô 500.000 dân trở lên, trong đó có 2 đô thị đặc biệt và 17 đô thị loại 1, bảo đảm khả năng kết nối tốt với hệ thống giao thông công cộng và khai thác có hiệu quả hạ tầng.\r\n\r\nDự án đường sắt tốc độ cao Bắc Nam được Bộ Giao thông Vận tải đề xuất có tổng mức đầu tư sơ bộ 67,34 tỷ USD, tuyến đường đôi, khổ 1.435 mm, điện khí hóa, tốc độ thiết kế 350 km/h, tải trọng 22,5 tấn/trục.\r\n\r\nĐoàn Loan'),
(41, 27, '../uploads/thoi7su.jpg', 'Ông Phạm Gia Túc (bìa trái) nhận quyết định giữ chức Phó chánh Văn phòng Trung ương Đảng. Ảnh: TTXVN', '\r\nÔng Phạm Gia Túc 59 tuổi, quê ở Nam Trực, Nam Định; trình độ thạc sĩ; Ủy viên Trung ương Đảng khóa 13.\r\n\r\nTrước tháng 3/2014, ông là Phó chủ tịch Phòng Thương mại và Công nghiệp Việt Nam (VCCI). Sau đó, ông được điều động giữ chức Phó bí thư Thành ủy Cần Thơ rồi được bổ nhiệm ông giữ chức Phó trưởng Ban Nội chính Trung ương. Ông làm Bí thư Tỉnh ủy Nam Định từ tháng 5/2021 đến nay.\r\n\r\nVăn phòng Trung ương Đảng là cơ quan tham mưu, giúp việc Ban Chấp hành Trung ương, trực tiếp là Bộ Chính trị, Ban Bí thư trong tổ chức, điều hành công việc lãnh đạo của Đảng, phối hợp, điều hòa hoạt động của các cơ quan tham mưu của Trung ương Đảng.\r\n\r\nVăn phòng cũng tham mưu về nguyên tắc và chế độ quản lý tài chính, tài sản của Đảng; trực tiếp quản lý tài chính, tài sản của các cơ quan đảng Trung ương và bảo đảm hậu cần phục vụ hoạt động của Trung ương Đảng; là trung tâm thông tin tổng hợp phục vụ lãnh đạo.\r\n\r\nHiện nay Chánh Văn phòng Trung ương Đảng là ông Nguyễn Duy Ngọc, năm Phó chánh giúp việc gồm bà Lâm Thị Phương Thanh và các ông Đặng Khánh Toàn, Bùi Văn Thạch, Lê Khánh Toàn, Phạm Gia Túc.'),
(42, 28, '../uploads/namdinh.jpg', 'Ông Phạm Gia Túc, tân Bí thư Tỉnh ủy Nam Định. Ảnh: Noichinh', 'Trưởng ban Tổ chức Trung ương Trương Thị Mai đánh giá, ông Phạm Gia Túc là cán bộ được đào tạo cơ bản, trải qua thực tiễn công tác, rèn luyện, đảm nhận và hoàn thành tốt các nhiệm vụ được giao. Bà mong trên cương vị mới, ông Túc tiếp tục phát huy năng lực, kinh nghiệm, cùng tập thể phấn đấu đưa Nam Định trở thành tỉnh phát triển khá của cả nước vào năm 2030.\r\n\r\nÔng Phạm Gia Túc khẳng định sẽ cố gắng cùng với Ban thường vụ Tỉnh ủy, Ban chấp hành Đảng bộ tỉnh xây dựng tập thể đoàn kết, thống nhất vì sự phát triển tỉnh Nam Định.\r\n\r\nÔng Túc 56 tuổi, quê ở Nam Trực, Nam Định. Ông là Ủy viên Trung ương Đảng khóa XIII; Bí thư Đảng ủy, Phó Trưởng Ban Nội Chính Trung ương.\r\n\r\nTrước tháng 3/2014, ông là Phó Chủ tịch Phòng Thương mại và Công nghiệp Việt Nam (VCCI). Từ tháng 3/2014 đến 9/2015, ông được Bộ Chính trị luân chuyển, điều động tham gia Ban Chấp hành, Ban Thường vụ và giữ chức Phó Bí thư Thành ủy Cần Thơ.\r\n\r\nTháng 12/2017, Ban Bí thư điều động, bổ nhiệm ông giữ chức Phó trưởng Ban Nội chính Trung ương.'),
(43, 29, '../uploads/nguoinhapcu.jpg', 'Bà Trần Thị Diệu Thúy, Phó chủ tịch UBND TP HCM trả lời phỏng vấn chiều 7/11. Ảnh: Thanh Tùng', '- Hai năm qua tỷ lệ tăng dân số cơ học ở thành phố giảm, trong đó năm 2023 tỷ lệ tăng dân số là 0,68% - lần đầu tiên thấp hơn tỷ lệ tăng dân số tự nhiên (0,74%), tức người nhập cư TP HCM xu hướng giảm. Bà đánh giá như thế nào về sự sụt giảm này?\r\n\r\n- Đây là vấn đề đáng quan tâm bởi TP HCM không thể một ngày vắng bóng người nhập cư. Họ đến đây tìm cơ hội cho chính mình đồng thời đóng góp vào sự phát triển của thành phố. Nếu tính từ khi đổi mới 1986 đến nay, gần 40 năm qua, người nhập cư là động lực to lớn giúp thành phố được như hôm nay.\r\n\r\nTuy nhiên, quan sát số liệu, từ sau Covid-19, tỷ lệ phát triển dân số cơ học ở TP HCM có xu hướng giảm và biểu hiện rõ nét hai năm qua. Đây cũng là giai đoạn kinh tế, xã hội thành phố gặp nhiều biến động.\r\n\r\nĐầu năm 2022, doanh nghiệp, thành phố kêu gọi lao động quay trở lại làm việc thì cuối năm hàng loạt nhà máy sản xuất thiếu hụt đơn hàng do thị trường xuất khẩu đứng lại. Nhiều công ty cắt giảm cùng lúc hàng nghìn người. Chưa hết cú sốc đó, năm sau, thị trường lao động lại đối mặt với thách thức mới khi sửa Luật Bảo hiểm xã hội. Lao động làm việc từ 10 đến dưới 20 năm đứng trước lựa chọn tiếp tục ở lại làm việc, gắn bó với thành phố hay nghỉ việc chờ rút một lần. Hàng loạt công nhân nghỉ việc để \"chạy\" trước khi luật mới có hiệu lực.\r\n\r\nDẫn điều này bởi nhiều nhà máy sản xuất ở TP HCM có đến hơn 60% lao động đến từ các tỉnh thành khác. Phần lớn trong số họ chọn gửi con ở quê, đến thành phố làm việc, kiếm tiền và sẽ hồi hương khi tích lũy được ít vốn. Công việc thuận lợi thì ý định đó gói ghém lại nhưng nếu có những biến động về việc làm, chính sách, dịch bệnh, họ sẽ quyết định nghỉ việc, trở về quê. Điều này thể hiện rõ khi nhìn số liệu người hưởng trợ cấp thất nghiệp trong hai năm này, đó là các con số kỷ lục khi mỗi năm lên đến gần 150.000 người.\r\n\r\nCác yếu tố trên có thể ví như \"giọt nước tràn ly\" khiến người nhập cư rời đi nhiều hơn trong hai năm qua nhưng sâu hơn còn nhiều yếu tố khác. Cụ thể là cơ hội việc làm đang mở rộng ra các tỉnh với các khu công nghiệp, doanh nghiệp về đầu tư. Địa phương cũng có nhiều cơ chế, chính sách thu hút lao động trở về.\r\n\r\nYếu tố quan trọng nữa khiến lao động rời đi là chi phí sinh hoạt ở TP HCM thuộc nhóm cao nhất, nhì cả nước. Do đó, một bộ phận người nhập cư không gồng gánh được chi phí đắt đỏ, họ làm mà không có dư. Nhiều người chọn hồi hương, thu nhập có thể không bằng thành phố nhưng chi phí thấp hơn nhiều, được gần con, chăm sóc gia đình.\r\n\r\nĐặc biệt, một số khảo sát chỉ ra rằng yếu tố gần gia đình, người thân được lao động đề cao hơn sau những biến cố dịch bệnh, thiên tai. Điều này cũng góp phần thúc đẩy người di cư rời các đô thị.\r\n\r\nNhư vậy, một bộ phận lao động rời thành phố sẽ tốt hơn cho cuộc sống, việc làm và khả năng tích lũy của chính họ.\r\n\r\n- Bà nhận định thế nào về ý kiến hiện lực hút ở TP HCM đã giảm và các lực đẩy gia tăng như hạ tầng giao thông, y tế, giáo dục quá tải khiến lao động nhập cư rời đi hoặc không chọn thành phố là điểm đến lý tưởng?\r\n\r\n- Lực hút ở TP HCM có giảm nhưng chỉ với một số nhóm nhất định, không phải tất cả. Lực hút giảm rõ nhất đối với công nhân làm việc ở các nhà máy thâm dụng lao động, người làm một số công việc tự do, bấp bênh thu nhập không ổn định, không kham nổi chi phí ở thành phố nên họ phải rời đi để tìm cơ hội tốt hơn.\r\n\r\nVới nhóm rời đi là công nhân làm việc của các nhà máy thâm dụng lao động, điều này cũng không phải quá tệ nếu đặt trong xu thế phát triển.'),
(44, 29, '../uploads/nhatro.jpg', 'Khu trọ ở đường số 7, phường Tân Tạo, quận Bình Tân, treo biển cho thuê phòng khi nhiều lao động nghỉ việc, về quê. Ảnh: Thanh Tùng', 'Nhìn vào quá trình dịch chuyển các ngành công nghiệp trên thế giới sẽ thấy đến một thời điểm nhất định các công đoạn thâm dụng lao động sẽ rời các đô thị hoặc đất nước để nhường chỗ cho các ngành công nghệ, kỹ thuật cao. TP HCM cũng không nằm ngoài xu hướng đó.\r\n\r\nThành phố đã dự liệu, tính toán để chấp nhận cho sự thoái trào này và đang nỗ lực tạo ra các lực hút mới từ các ngành kinh tế xanh, kinh tế tuần hoàn, kinh tế số, dịch vụ, du lịch, tài chính, đổi mới sáng tạo. Điều này sẽ tạo ra các động lực tăng trưởng mới với các nhóm ngành mới mà người lao động chỉ có thể tìm thấy cơ hội phát triển tốt nhất ở đây.\r\n\r\nChúng tôi nhận thấy doanh nghiệp đang nỗ lực chuyển đổi, điều đáng mừng là vẫn chọn thành phố để tiếp tục gắn bó. Ví dụ một công ty giày da ở quận Bình Tân cắt giảm hơn 1.200 lao động vì chuyển khâu sản xuất về tỉnh nhưng vẫn giữ lại những bộ phận quan trọng như phát triển mẫu, kinh doanh... ở TP HCM. Điều này nghĩa là những khâu cần lao động trình độ cao doanh nghiệp vẫn để lại thành phố. Những lao động này được trả lương cao hơn và phù hợp mức sống ở thành phố.\r\n\r\nVề các yếu tố khác như giao thông quá tải ở một số thời điểm, khu vực, vài địa phương có tỷ lệ tăng dân số cơ học cao như Bình Tân thiếu trường lớp, bệnh viện đầu ngành đông người... có thể gây khó chịu, trải nghiệm không tốt cho người dân khi sử dụng dịch vụ. Tuy nhiên, để xét xem đó có phải là lực đẩy hay không thì cần quay lại động lực khiến lao động đến thành phố. Tiêu chí hàng đầu người di cư muốn đến TP HCM là việc làm, kiếm được thu nhập tốt hơn. Đến lúc này, thành phố vẫn đáp ứng được mong muốn này của đa số lao động di cư.\r\n\r\n- Bà nhắc đến chuyển đổi nhưng không phải doanh nghiệp sản xuất nào cũng có thể làm được, đặc biệt là những \"công thần\" như dệt may, da giày, điện tử, những doanh nghiệp đến với thành phố từ ngày đầu mở cửa giờ đây vẫn muốn gắn bó, nhưng đối mặt với thiếu lao động. Bà nhìn nhận điều này thế nào?\r\n\r\n- Thành phố ghi nhận sự đóng góp của doanh nghiệp trong suốt quá trình phát triển. Giai đoạn này, các doanh nghiệp sản xuất gặp khó khăn vì thiếu lao động cũng ảnh hưởng các chỉ số kinh tế, tăng trưởng của thành phố. Tuy nhiên, không ai, kể cả thành phố, doanh nghiệp, người dân có thể đứng ngoài được xu thế phát triển, dòng chảy mà lịch sử đã chứng minh.\r\n\r\nThành phố đang nỗ lực để thích ứng, tìm các động lực tăng trưởng mới để thích nghi với sự dịch chuyển của lao động và sự phát triển của khoa học, công nghệ. Nếu làm không tốt chính thành phố sẽ bị bỏ lại, vị thế đầu tàu sẽ bị xói mòn nên rất mong doanh nghiệp đồng hành.\r\n\r\nĐối với doanh nghiệp vẫn chọn TP HCM để gắn bó, tôi cho rằng cần mạnh dạn đầu tư vào công nghệ hiện đại, sử dụng máy móc cho các công đoạn giản đơn lâu nay sử dụng sức người. Tính lại bài toán lao động, tìm cách giữ chân nhân công bằng lương, thưởng, phúc lợi, thay đổi quan điểm \"thải già đón trẻ\".\r\n\r\nTrong quá trình này, nhóm yếu thế lâu nay như lao động trung niên, nữ, nuôi con nhỏ... sẽ có cơ hội việc làm với thu nhập tốt hơn. Nhiều công việc giải phóng được sức người, phù hợp nhóm lao động có kỹ thuật nhưng không còn trẻ, khỏe như trước.\r\n\r\n'),
(45, 29, '../uploads/congnhan.jpg', 'Công nhân may làm việc trong nhà máy ở TP Thủ Đức. Ảnh: Thanh Tùng', '- Có ý kiến cho rằng người nhập cư rời đi là dịp thành phố sàng lọc lao động theo hướng phát triển lĩnh vực trình độ cao, giảm ngành nghề sử dụng quá nhiều lao động. Điều này cũng giúp thành phố tăng giá trị cuộc sống cho người dân gắn bó với thành phố. Quan điểm của bà về vấn đề này ra sao?\r\n\r\n- Bất kỳ người di cư nào từ chuyên gia đầu ngành hay đến anh giao hàng, làm công việc giản đơn chọn thành phố để dừng chân để mưu sinh, tìm kiếm việc làm chân chính, chúng tôi đều ghi nhận và hoan nghênh.\r\n\r\nTôi ví dụ một lao động có tay nghề cao đang làm việc và cần phải tập trung thời gian cho công việc của mình. Tuy nhiên, anh ấy đến giờ ăn, cần đi mua hàng. Nếu họ rời đi sẽ tốn nhiều thời gian và ảnh hưởng công việc. Lúc này, shipper chính là giải pháp hỗ trợ. Người giao hàng đã gián tiếp giúp lao động có tay nghề hoàn thành tốt công việc của mình. Do đó cả hai đều có sự đóng góp cho thành phố và cần được ghi nhận.\r\n\r\nThành phố này vận hành không theo kiểu đúng giờ tất cả vào công sở, nhà máy mà đó chỉ là một phần, ngoài kia có hàng trăm nghìn dịch vụ cần hàng triệu lao động đủ trình độ, thành phần, tương trợ nhau để tất cả cùng phát triển.\r\n\r\nThành phố đang tạo ra các động lực tăng trưởng mới, thu hút nhóm lao động mới nhưng không có nghĩa không cần lao động giản đơn. Nhìn sang Nhật Bản, đất nước phát triển hàng đầu thế giới vẫn cần người di cư từ các nước để làm các công việc tay chân, phổ thông. Do đó, quan điểm của thành phố là hoan nghênh mọi thành phần lao động đến nếu nơi đây vẫn đáp ứng cơ hội việc làm, thu nhập tốt cho anh chị.\r\n\r\n- Nếu người nhập cư không thể thiếu, thời gian tới thành phố đưa ra những chính sách gì dành cho nhóm này?\r\n\r\n- Nếu một người di cư chọn thành phố để gắn bó thì khi ở đây, chính sách của thành phố không phân biệt bạn từ đâu đến. Ví dụ khi Covid-19 bùng phát, TP HCM dành ba gói hỗ trợ cho người dân, ngay cả những người vì lý do đột xuất mà lưu trú lại thành phố trong thời gian giãn cách cũng được giúp đỡ.\r\n\r\nChính sách hỗ trợ học phí cho học sinh, thành phố cũng không phân biệt miễn là đang theo học các trường trên địa bàn. Các chính sách về nhà ở, hỗ trợ giá điện, nước... thành phố cũng không phân biệt mà dành sự quan tâm, chăm lo như nhau.\r\n\r\nThành phố cũng có các chương trình bình ổn giá thực phẩm, bình ổn giá thuốc để phần nào kéo giảm chi phí cho nhóm thu nhập thấp.\r\n\r\nThực tế có một số chính sách chưa đủ làm người dân hài lòng vì nhiều lý do như vướng cơ chế, quy định pháp luật, nguồn lực có hạn... Tuy nhiên, từng bước, chúng tôi đang nỗ lực để làm tốt hơn.\r\n\r\n- Theo kịch bản tăng trưởng, giai đoạn 2025-2030, nếu TP HCM muốn tăng trưởng hơn 8% mỗi năm thì số lao động tương ứng 6-7 triệu người, hiện nay khoảng 5 triệu người. Thành phố sẽ làm gì để đủ số lao động như mong muốn trong khi tỷ suất sinh luôn thấp nhất nước?\r\n\r\n- Từ giờ đến năm 2030, tỷ suất sinh không giải quyết được vấn đề lao động nên nguồn nhân lực cho thành phố vẫn đến từ bên ngoài, tức phải dựa vào người nhập cư. Thành phố muốn tăng trưởng phải có doanh nghiệp và người lao động. Thành phố đã và đang tạo các điều kiện thuận lợi để các doanh nghiệp ở những nhóm ngành trọng điểm, công nghệ cao đến đầu tư, phát triển. Chính doanh nghiệp với các vị trí công việc hấp dẫn, thu nhập cao, phúc lợi tốt sẽ thu hút được lao động.\r\n\r\nĐối với lao động, thành phố có chiến lược giữ chân và thu hút mới như với những lao động dù mất việc, họ vẫn muốn bám trụ lại thành phố. Thành phố có chính sách hỗ trợ vay vốn, chuyển đổi nghề, tự tạo việc làm.\r\n\r\nHệ thống trường cao đẳng, trung cấp chuyên nghiệp của thành phố sẵn sàng đào tạo nghề cho nhóm lao động muốn chuyển đổi từ công nghiệp sản xuất sang nhóm ngành dịch vụ như chăm sóc sức khỏe, nhà hàng khách sạn, du lịch...\r\n\r\nMỗi năm, TP HCM thu hút khoảng 300.000 học sinh, sinh viên từ các địa phương đến học tập. Thành phố đang giữ vai trò là trung tâm đào tạo nhân lực lớn nhất cả nước; thực hiện chính sách đào tạo nhân lực chất lượng quốc tế ở 4 trường đại học lớn.\r\n\r\nBên cạnh đó, thành phố nỗ lực cải thiện cơ sở hạ tầng giao thông, nhà ở xã hội, tạo ra dịch vụ y tế, giáo dục, văn hóa tốt hơn và chính quyền thực sự là phục vụ người dân. Tổng hòa nhiều yếu tố, thành phố vẫn là nơi người di cư chọn đến.\r\n\r\nLê Tuyết'),
(47, 31, '../uploads/nguyenductrung.jpg', 'Ông Nguyễn Đức Trung tại một cuộc họp của tỉnh Nghệ An hồi tháng 6. Ảnh: Đức Hùng', 'Ông Nguyễn Đức Trung năm nay 50 tuổi, quê xã Tĩnh Hải, huyện Tĩnh Gia, tỉnh Thanh Hóa, trình độ thạc sĩ kinh tế. Ông giữ chức Phó bí thư Tỉnh ủy, Chủ tịch UBND tỉnh Nghệ An từ tháng 3/2020. Trước đó ông kinh qua các chức vụ như: Vụ trưởng Tổ chức cán bộ, Vụ trưởng Kinh tế địa phương và lãnh thổ, Vụ trưởng Kết cấu hạ tầng và đô thị, Thứ trưởng Kế hoạch và Đầu tư.\r\n\r\nThường trực Tỉnh ủy Nghệ An gồm ông Nguyễn Đức Trung, Bí thư Tỉnh ủy, Chủ tịch UBND tỉnh; ông Hoàng Nghĩa Hiếu, Phó bí thư thường trực.\r\n\r\nÔng Nguyễn Đức Trung sẽ kiêm chức Chủ tịch UBND tỉnh Nghệ An cho đến khi vị trí này được kiện toàn. Các phó chủ tịch tỉnh hiện nay gồm ông Lê Hồng Vinh (thường trực), Bùi Thanh An, Bùi Đình Long và Nguyễn Văn Đệ.\r\n\r\nNghệ An có diện tích lớn nhất cả nước (16.490 km2), đứng thứ tư về quy mô dân số với hơn 3,3 triệu, nằm trên trục giao thông chính nối liền Bắc Nam và có hệ thống đường bộ, đường sắt phát triển, xuyên quốc gia. 9 tháng đầu năm, thu ngân sách của Nghệ An đạt 16.671 tỷ đồng, bằng 143,2% so với cùng kỳ năm 2023.\r\n                                                          Đức Hùng'),
(48, 32, '../uploads/haisan.jpg', '', 'Theo kế hoạch, tháng 11 này, đoàn kiểm tra của Ủy ban châu Âu (EC) sẽ trở lại Việt Nam để đánh giá kết quả thực hiện các khuyến nghị về chống đánh bắt hải sản bất hợp pháp, không báo cáo và không theo quy định (gọi tắt là IUU).\r\n\r\nĐây sẽ là lần thứ năm đoàn đến Việt Nam. Bốn lần trước đó, EC đều giữ nguyên mức cảnh báo. Điều đó cho thấy những khuyến nghị dù đã được thực hiện đầy cố gắng trong suốt hơn 6 năm qua, kết quả vẫn chưa được như mong muốn.\r\n\r\nTrong bốn nhóm khuyến nghị thì việc hoàn thiện khung pháp lý đã được Chính phủ triển khai bằng việc xây dựng Luật Thủy sản 2017, thúc đẩy chuyển đổi từ nghề cá nhân dân sang nghề cá đánh bắt có trách nhiệm, cùng sự đồng bộ các nghị định, thông tư hướng dẫn, nhiều cơ chế chính sách từ cấp Trung ương đến cấp địa phương đi kèm...\r\n\r\nNhưng việc thực hiện chưa đồng bộ. Để thay đổi tập quán sản xuất của ngư dân thì sự không đồng bộ nảy sinh là điều khó tránh khỏi. Tuy nhiên sự không đồng bộ ở đây còn đến từ cách thức tổ chức thực hiện của chính cơ quan quản lý. Đang có quá nhiều đầu việc được giao cho một lực lượng nhưng ngược lại cũng đang tồn tại quá nhiều lực lượng cùng tham gia vào một đầu việc. Và rất nhiều hệ quả theo kiểu \"cha chung không ai khóc\" đã xuất hiện.\r\n\r\nChẳng hạn với việc quản lý tàu cá và thuyền viên hoạt động trên biển, hiện có bốn đơn vị cùng chịu trách nhiệm là Văn phòng thanh tra, kiểm tra nghề cá của các tỉnh, Bộ đội Biên phòng, Kiểm ngư và Cảnh sát biển... Thế nhưng suốt mấy năm qua, hàng chục nghìn tàu cá thuộc diện ba không (không đăng ký, không đăng kiểm, không giấy phép)... vẫn tự do ra vào cửa biển. Lý do được các cơ quan chức năng giải thích là cần một lộ trình chuyển đổi, cần phải thông cảm trước áp lực thu nhập, việc làm... Chính những sự bao biện này đang cản trở nỗ lực gỡ bỏ thẻ vàng EC. Và rốt cục dù có bốn đơn vị quản lý lại chẳng có đơn vị nào đứng ra chịu trách nhiệm về tình trạng tàu thuyền không đủ điều kiện vẫn ra khơi.\r\n\r\nTrong một cuộc làm việc với Bộ Nông nghiệp và Phát triển nông thôn về IUU, một giám đốc cảng cá ở Miền Trung từng thẳng thắn nêu ý kiến: việc quản lý tàu cá, ngư dân trên biển thực chất chỉ cần một chốt chặn, đó là Biên phòng. Cụ thể: các đồn trạm biên phòng ven biển chỉ cần làm nghiêm, yêu cầu tất cả tàu cá và ngư dân xuất trình đầy đủ hồ sơ thủ tục mới được ra khơi, giống như xuất trình đầy đủ giấy tờ mới được xuất cảnh trên biên giới đất liền thì chẳng có bất cứ sai phạm nào về mặt điều kiện có thể xảy ra. Và khi đó cũng không cần đến các bộ phận khác; hoặc cần để giải quyết những vấn đề phát sinh, thay vì kiểm tra hồ sơ, thủ tục tàu cá như hiện tại.\r\n\r\nNhưng sự thẳng thắn này cũng chỉ là một ý kiến trong rất nhiều ý kiến phát biểu trước diễn đàn rồi... để đó.\r\n\r\nTình trạng \"cha chung không ai khóc\" trong thực hiện IUU cũng đang tồn tại ở các nhóm đầu việc khác. Chẳng hạn để kiểm soát nguồn gốc thủy sản, ngư dân được yêu cầu phải ghi nhật ký khai thác, cơ quan cảng cá phải thống kê, báo cáo, Văn phòng thanh tra kiểm tra nghề cá phải giám sát hải trình đánh bắt... Thế nhưng kiểm soát xong rồi tất cả lại phó mặc cho tư thương. Nguyên do là hải sản sau khi rời cảng cá, lưu thông trên đường không bị ai kiểm tra giám sát về IUU. Đây chính là kẽ hở để những tàu cá không cần vào cảng, không cần khai báo vẫn có thể cấp hàng ra thị trường. Không phải ngẫu nhiên mà hiện nay số lượng hải sản được giám sát qua các cảng cá ở Việt Nam mới chỉ đạt khoảng 20%, số còn lại đang trôi nổi đâu đó. Câu hỏi đặt ra là nếu chỉ cần giao trách nhiệm cho một lực lượng (quản lý thị trường hay cảnh sát giao thông chẳng hạn) tuýt còi vì thiếu chứng nhận IUU cho nguồn gốc hải sản, thì ngư dân sẽ bán cho ai và chở đi đâu trong trường hợp đánh bắt tùy tiện, không chịu vào cảng để khai báo?\r\n\r\nLiên quan đến nhóm tàu cá vi phạm vùng biển nước ngoài cũng vậy. Hiện nay chúng ta có đủ lực lượng gồm: kiểm ngư, cảnh sát biển giám sát ngoài khơi thông qua hệ thống chuyên dụng, Trung tâm Giám sát tàu cá quốc gia, Văn phòng thanh tra, kiểm tra nghề cá cấp tỉnh, Bộ đội biên phòng kiểm soát trên bờ thông qua hệ thống định vị toàn cầu GPS... Thế nhưng tình trạng tàu cá xâm phạm vùng biển nước ngoài vẫn diễn ra. Nhiều chủ tàu cố tình tắt tín hiệu định vị, hoặc cắm định vị vào một hòn đảo nào đó ngoài khơi để sang lãnh hải của nước bạn đánh bắt, khi bị phát hiện thì bao biện bằng sự cố kỹ thuật trên biển. Việc giám sát sự cố kỹ thuật lại không thuộc trách nhiệm của các đơn vị quản lý trên bờ, gồm: Trung tâm Giám sát tàu cá quốc gia, Văn phòng thanh tra, kiểm tra nghề cá cấp tỉnh, Bộ đội biên phòng... Vậy là cuối cùng vẫn không có cách để xử lý và cũng không ai chịu trách nhiệm về việc hàng loạt tàu cá mất kết nối...\r\n\r\nEC quy định tất cả hàng hóa hải sản khi nhập khẩu vào thị trường châu Âu (EU) đều phải khai báo, xác nhận nguồn gốc, đảm bảo không vi phạm quy định IUU (Illegal, Unreported and Unregulated Fishing). Các thẻ màu bao gồm xanh, vàng, đỏ và nghiêm trọng nhất là ngừng giao dịch. Khi một quốc gia bị EC rút \"thẻ vàng\", thông tin sẽ bị công bố rộng rãi trên thế giới. Mặt hàng thủy sản của quốc gia đó nhập vào EU sẽ bị bị tiền kiểm 100%. Hậu quả là chi phí xuất khẩu hải sản sang châu Âu tăng lên, số lượng giảm xuống do thời gian giao hàng kéo dài.\r\n\r\nĐể gỡ bỏ thẻ vàng châu Âu cần đến sự cộng đồng trách nhiệm của toàn hệ thống và tất cả ngư dân. Nhưng cộng đồng trách nhiệm không có nghĩa là trách nhiệm thuộc về tất cả để rồi khi xảy ra vấn đề lại không một ai đứng ra chịu trách nhiệm. Tinh thần rõ người, rõ việc, rõ phân công vì thế phải cụ thể hơn nữa trong các công đoạn thực hiện khuyến nghị của Ủy ban châu Âu.\r\n\r\nTrần Long'),
(49, 33, '../uploads/vugobao.png', 'Vũ Ngọc Bảo Luật gia', 'Ông táo bạo thử nghiệm \"khoán hộ\", bản chất là trao ruộng đất trở về cho từng hộ nông dân; coi hộ nông dân là đơn vị cơ bản của sản xuất nông nghiệp, nhằm cải thiện tình hình sản xuất lương thực.\r\n\r\nGiới chức trung ương ban đầu đã coi thử nghiệm \"khoán hộ\" của ông Ngọc là hành động trái với chủ trương chung và yêu cầu ngừng thực hiện mô hình này. Dù vậy, những kết quả tích cực mà nó mang lại cho nông nghiệp Vĩnh Phúc đã chứng minh hiệu quả của cách làm mới. Đến năm 1981, khi nền kinh tế Việt Nam đối diện với khủng hoảng nghiêm trọng, Chỉ thị 100 CT/TW về cải tiến công tác khoán, mở rộng khoán sản phẩm đến nhóm lao động và người lao động trong hợp tác xã nông nghiệp được ban hành. Năm 1988, Bộ Chính trị ra Nghị quyết 10 về đổi mới quản lý kinh tế nông nghiệp, hay còn gọi là Khoán 10. Khoán 10 thừa nhận \"hộ nông dân là đơn vị kinh tế tự chủ\" trong tất cả các khâu của quá trình sản xuất đến phân phối, sử dụng sản phẩm.\r\n\r\nNhững quyết định quan trọng này đã giúp Việt Nam từ chỗ thiếu gạo ăn vươn mình thành nước xuất khẩu gạo hàng đầu thế giới.\r\n\r\nĐó là một ví dụ sinh động cho việc cải cách thể chế.\r\n\r\nLý thuyết về thể chế cho rằng các thể chế chính thức gồm những quy định và chuẩn mực pháp lý như hiến pháp, luật pháp, và các chính sách. Chúng thiết lập khung pháp lý và hướng dẫn hành vi của các cá nhân, tổ chức, nhằm đảm bảo ổn định, thúc đẩy kinh tế và hỗ trợ phát triển xã hội. Những thể chế này không phải bất biến mà cần thay đổi và cải tiến để phù hợp với các nhu cầu của xã hội trong những tình huống cụ thể và bối cảnh mới.\r\n\r\nGiải Nobel Kinh tế năm nay cũng trao cho các nhà kinh tế nghiên cứu những giải pháp giảm nghèo đói. Từ ví dụ thực tế tại những vùng lãnh thổ hay những quốc gia nếu được áp dụng các thể thức khác nhau cũng hình thành những sự giàu nghèo và trật tự xã hội khác nhau, các nhà nghiên cứu chỉ ra rằng bằng cách hiểu rõ bản chất của nghèo đói và áp dụng cải cách chính sách thiết thực, quốc gia có thể tạo ra các cải tiến đáng kể về kinh tế - xã hội. Họ nhấn mạnh tầm quan trọng của thể chế và sự linh hoạt trong việc điều hành để hỗ trợ phát triển toàn diện một đất nước, một quốc gia hay một vùng lãnh thổ.\r\n\r\nViệt Nam đã nhiều lần cải cách thể chế, cụ thể hóa trong các lần sửa đổi Hiến pháp, mà sự ra đời của các bản Hiến pháp đều nhằm thích nghi với nhu cầu xã hội, những bối cảnh lịch sử, tình hình kinh tế chính trị cũng như quan hệ quốc tế của Việt Nam với các nước từng giai đoạn cụ thể. Điều này khẳng định Việt Nam luôn sẵn sàng điều chỉnh thể chế để thúc đẩy sự phát triển của đất nước, nhất là trong bối cảnh xã hội luôn biến động.\r\n\r\nThể chế tốt đóng vai trò quan trọng trong việc thúc đẩy sự phát triển quốc gia. Tuy nhiên, nếu khâu thực thi không đảm bảo thì vẫn có thể để lại nhiều hậu quả khôn lường. Việt Nam từng tiến hành cải cách ruộng đất với mục tiêu \"dân cày có ruộng\", nhưng cách thức triển khai không phù hợp. Từ những bài học về thực tế điều hành trong cả những thành công hay thất bại như vậy, Việt Nam đã tiến hành cải cách thể chế thông qua chủ trương \"Đổi mới\" những năm 1980, giúp kinh tế - xã hội có những bước phát triển vượt bậc, đưa đất nước vào nhóm quốc gia có thu nhập trung bình.\r\n\r\nViệc nhìn thẳng vào sự thật, đánh giá đúng thực trạng và đưa ra các sửa đổi khách quan, phù hợp là bước đi cần thiết giúp Việt Nam vươn mình mạnh mẽ trong tương lai. Lãnh đạo Nhà nước đã nhìn nhận, bên cạnh hạ tầng và nhân lực, thể chế đang là điểm nghẽn lớn nhất, ảnh hưởng đến sự phát triển toàn diện của đất nước. Theo tôi, có rất nhiều nút thắt cần cải cách:\r\n\r\nNâng cao tính linh hoạt trong pháp luật kinh tế: Các khung pháp lý cần đảm bảo hỗ trợ tối đa cho người dân đầu tư vốn để khởi nghiệp, tham gia sản xuất kinh doanh, cũng như quản lý dòng vốn để người dân đầu tư kinh doanh trên bình diện quốc tế, đặc biệt là trong các chính sách ngành công nghệ cao và năng lượng tái tạo.\r\n\r\nCác thành phố lớn, địa phương là trung tâm kinh tế trọng điểm, có những đặc điểm kinh tế chính trị xã hội khác nhau có thể cho thử nghiệm những chính sách mới phù hợp với địa phương, thành công hay thất bại đều là cơ hội để đánh giá kinh nghiệm, hay tiến hành nhân rộng, giống như chúng ta đã nhân rộng mô hình Khoán 10.\r\n\r\nTăng cường minh bạch và giảm thiểu thủ tục hành chính để tạo thuận lợi cho doanh nghiệp và người dân, thúc đẩy môi trường kinh doanh. Một ví dụ điển hình là sáng kiến Cổng Dịch vụ công Quốc gia, ra mắt vào năm 2019. Đây là một nền tảng trực tuyến tập trung, cho phép người dân và doanh nghiệp truy cập các dịch vụ công một cách nhanh chóng, tiện lợi và minh bạch hơn. Nền tảng này đã giảm thiểu thủ tục hành chính, giảm thời gian xử lý và tăng cường tính công khai trong quản lý nhà nước. Hàng triệu giao dịch trực tuyến được thực hiện đã nâng cao sự hài lòng của người dân và doanh nghiệp với các dịch vụ công. Tuy cổng thông tin này chưa hoạt động trơn tru, thói quen của người dân cũng chưa hình thành nhưng nó đã bắt đầu giúp giảm tham nhũng vặt.\r\n\r\nMột mảng nữa cần cải cách là hệ thống giáo dục và đào tạo nhằm đáp ứng yêu cầu của nền kinh tế hiện đại, tập trung vào công nghệ và kỹ năng nghề nghiệp. Giáo dục Việt Nam cần tạo ra một đội ngũ nhân sự lành nghề hơn, thay vì chỉ dừng lại ở chương trình đào tạo còn nặng về lý thuyết, thiếu kỹ năng thực hành và kết nối với nhu cầu thị trường lao động.\r\n\r\nViệt Nam cũng cần áp dụng các tiêu chuẩn và luật pháp mới nhằm bảo vệ môi trường, đặc biệt trong các ngành công nghiệp nặng và năng lượng, để đảm bảo phát triển bền vững và ngăn chặn những thảm họa môi trường. Đầu tư vào công nghệ xanh và khuyến khích doanh nghiệp tuân thủ các tiêu chuẩn quốc tế sẽ là bước đi chiến lược để Việt Nam phát triển bền vững, cân bằng giữa tăng trưởng kinh tế và bảo vệ môi trường, đồng thời góp phần xây dựng hình ảnh một đất nước xanh, sạch, và thân thiện với môi trường trong mắt bạn bè quốc tế.\r\n\r\nNhững thay đổi để giải quyết các điểm nghẽn trên sẽ thúc đẩy Việt Nam đạt được các mục tiêu phát triển kinh tế, xã hội và môi trường bền vững trong bối cảnh toàn cầu hóa.\r\n\r\nVũ Ngọc Bảo'),
(50, 34, '../uploads/CmHpng.png', 'Cẩm Hà Chuyên viên tư vấn truyền thông và chính sách công', 'Đây là nỗ lực của chính quyền thành phố nhằm hỗ trợ phát triển hệ sinh thái khởi nghiệp và đổi mới - sáng tạo. Thông tin về ưu đãi miễn giảm thuế, hỗ trợ không hoàn lại dự án khởi nghiệp, thử nghiệm chính sách (sandbox) và thu hút chuyên gia mang tới sự hào hứng cho nhiều người.\r\n\r\nTuy nhiên, mối quan tâm của đa số doanh nghiệp không dừng lại ở cơ sở vật chất. \"Trung tâm sẽ tập trung vào các lĩnh vực nào\", một doanh nghiệp đặt câu hỏi. Doanh nghiệp khác thắc mắc: \"Trung tâm liệu có hỗ trợ tháo gỡ các vướng mắc chính sách\". Trong khuôn khổ của buổi trao đổi, câu trả lời xác đáng cho các vấn đề mang tính chiến lược này tạm bỏ ngỏ.\r\n\r\nNgười đứng đầu Đảng, Nhà nước gần đây chỉ ra một trong các dạng thức lãng phí đang nổi lên gay gắt: chất lượng làm luật chưa đáp ứng yêu cầu thực tiễn làm lãng phí thời gian, công sức doanh nghiệp và nguồn lực của xã hội.\r\n\r\nChẳng hạn, trong lĩnh vực bảo vệ môi trường, hai năm sau khi tôi tham gia tư vấn cho các nhà sản xuất nước ngoài về trách nhiệm tái chế và xử lý rác thải, doanh nghiệp vẫn tiếp tục kiến nghị các bất cập của quy định do hệ sinh thái ngành tái chế của Việt Nam chưa phát triển. Tới nay, dự thảo sửa đổi Nghị định 08/2022 hướng dẫn thực thi Luật Bảo vệ môi trường vẫn trong quá trình hoàn thiện. Một mặt, các doanh nghiệp ủng hộ thúc đẩy kinh tế tuần hoàn trong nước, mặc khác, chỉ ra nhiều quy định chưa phù hợp với thực tiễn hoạt động sản xuất kinh doanh và năng lực của doanh nghiệp.\r\n\r\nTrong lĩnh vực thương mại điện tử, đã hơn ba năm từ khi ngành hải quan đề nghị thu thuế nhập khẩu và giá trị gia tăng đối với đơn hàng giá trị thấp, tới nay, dự thảo quy định vẫn đang vướng tranh cãi. Nhiều đơn vị tham gia chuỗi giá trị thương mại điện tử đã nêu lo ngại về chi phí tuân thủ khổng lồ cho cả cơ quan hải quan lẫn doanh nghiệp chuyển phát, cùng với nguy cơ tắc nghẽn ở các cửa khẩu khi thực thi.\r\n\r\nTôi bắt đầu công việc làm báo vào thời điểm câu chuyện phân quyền cho địa phương, xóa bỏ giấy phép con, áp dụng hậu kiểm được khơi gợi. Sau gần 30 năm, đến nay, chừng ấy vấn đề vẫn trở đi trở lại. Chưa kể các vấn đề mới như bảo vệ dữ liệu cá nhân, quản lý và thu thuế các hoạt động kinh doanh trên mạng hoặc cấp phép hoạt động cho các mô hình kinh doanh mới. Khảo sát các doanh nghiệp châu Âu gần đây, ba phần tư công ty cho biết không tự tin vào khả năng tuân thủ các quy định mới về bảo vệ dữ liệu cá nhân. Khối doanh nghiệp trong nước, đặc biệt ngành ngân hàng, cũng chỉ ra nhiều bất cập trong việc thực hiện các quy định này.\r\n\r\nKỳ họp thứ 8 của Quốc hội đương nhiệm sẽ kéo dài 28 ngày và thảo luận 30 nội dung liên quan tới xây dựng luật. Trung bình một ngày, các đại biểu sẽ xem xét một dự luật. Làm việc trong lĩnh vực phân tích chính sách, tôi chứng kiến sự vất vả của các đơn vị và cá nhân được giao trọng trách soạn thảo luật ở các bộ ngành. Bên cạnh công việc thường nhật, các thành viên ban soạn thảo phải tổng kết việc thi hành pháp luật, đánh giá tác động, tiếp thu ý kiến thẩm định và hoàn thiện các tờ trình. Những nhiệm vụ này đòi hỏi chuyên môn sâu và chịu áp lực lớn về thời gian.\r\n\r\nTrên lý thuyết, tình trạng vất vả này hoàn toàn có thể giảm bớt nếu công tác ban hành chính sách bám sát các nguyên tắc xây dựng luật. Luật Ban hành Văn bản quy phạm pháp luật năm 2008 đã nêu rõ các nguyên tắc này. Theo quan sát của riêng tôi, các nguyên tắc cơ bản như bảo đảm tính hợp hiến, tính công khai, tuân thủ thẩm quyền, và không xung đột với các điều ước quốc tế được thực hiện tương đối hiệu quả. Tuy nhiên, việc đảm bảo chính sách có tính khả thi luôn là vấn đề nóng trong hoạt động lập pháp và trong các buổi đối thoại với doanh nghiệp.\r\n\r\nTrong các cuộc trao đổi với cơ quan quản lý, nhiều doanh nghiệp mong mỏi mời ban soạn thảo luật \"đi thực tế\" hoặc \"vi hành\" để nắm được các thách thức trong quá trình vận hành của doanh nghiệp. Nếu các chính sách bám sát thực tế, tình trạng làm luật \"sửa đổi của sửa đổi\", \"bổ sung của bổ sung\" sẽ được hạn chế, góp phần tiết kiệm nguồn lực và nâng cao hiệu quả quản lý.\r\n\r\nViệc xây dựng luật cần gắn liền với nhu cầu của người dân và doanh nghiệp, đồng thời khuyến khích sự tham gia của người dân trong quá trình lập pháp. Không phải ai cũng biết, tất cả dự thảo luật đều được đưa lên trang web của cơ quan chủ trì soạn thảo, Bộ Tư pháp và Cổng thông tin điện tử Chính phủ để người dân góp ý trước khi ban hành. Tuy nhiên, rất nhiều trường hợp, chỉ khi đề xuất sắp tới vòng chung kết, nhờ sự phát hiện của báo chí, người dân và doanh nghiệp mới biết và tham gia phản biện.\r\n\r\nNhà nước và Quốc hội đặt mục tiêu đổi mới tư duy trong xây dựng luật để định hướng hoạt động của Quốc hội thời gian tới. Khối lượng lớn các văn bản luật cần gấp rút ban hành hoặc sửa đổi phản ánh nhu cầu cấp thiết hoàn thiện khuôn khổ chính sách, tạo động lực phát triển trong bối cảnh nền kinh tế dễ bị tổn thương bởi biến động địa chính trị và thiên tai. Trách nhiệm của Quốc hội là nặng nề nhưng nhiệm vụ của cử tri cũng quan trọng không kém. Các ý kiến đóng góp sẽ giúp các đại biểu hiểu rõ hơn nguyện vọng cộng đồng, từ đó nâng cao chất lượng của quá trình lập pháp.\r\n\r\nNâng cao chất lượng làm luật là cơ sở để xây dựng một hệ thống pháp luật hài hòa lợi ích của nhiều đối tượng khác nhau, đảm bảo công bằng trong cộng đồng và tránh lãng phí nguồn lực xã hội.\r\n\r\nCẩm Hà'),
(51, 36, '../uploads/danghungvopng-1529241770.png', 'Đặng Hùng Võ Chuyên gia Quản lý tài nguyên', 'Một hôm, có chuyên gia Trung Quốc hỏi tôi \"tại sao Việt Nam nhiều luật thế?\". Tôi chỉ cười rồi nói \"bộ, ngành nào ở Việt Nam cũng muốn có luật về hoạt động của mình cho vững tâm, và Nhà nước cũng định hướng xây dựng một nhà nước pháp quyền mạnh\". Nhưng câu hỏi của người ngoài cuộc làm tôi suy nghĩ rất nhiều.\r\n\r\nChuyện khung pháp luật chưa hoàn thiện, còn nhiều khoảng trống, nhiều quy định khác nhau giữa các luật liên quan hoặc ngay trong một luật, gây khó cho việc tổ chức triển khai, đã và đang xảy ra ở nhiều lĩnh vực. Nói đúng thuật ngữ pháp lý thì đây là tình trạng \"xung đột pháp luật\" (Legal conflicts) và \"khoảng trống pháp luật\" (Legal gaps). Còn tôi vẫn gọi cho dân dã là \"cập kênh pháp luật\".\r\n\r\nTrong tình trạng rắc rối như vậy, theo Luật Ban hành văn bản quy phạm pháp luật 2015, sửa đổi năm 2020 thì: các văn bản quy định khác nhau về một vấn đề thì áp dụng văn bản có hiệu lực pháp lý cao hơn, và các văn bản do cùng một cơ quan ban hành quy định khác nhau về một vấn đề thì áp dụng văn bản ban hành sau. Quy tắc là như vậy nhưng áp dụng cũng không dễ dàng.\r\n\r\nGần đây, nếu nhìn kỹ vào các văn bản luật, chúng ta sẽ thấy có câu đại ý: nếu quy định tại các luật khác mà trái với quy định của Luật này thì áp dụng theo quy định của Luật này. Chuyện \"xung đột pháp luật\" đã phức tạp lại càng phức tạp hơn.\r\n\r\nSáng kiến ban hành văn bản luật dưới dạng \"một luật sửa nhiều luật\" thỉnh thoảng đã được áp dụng trước đây, bây giờ càng phổ biến. Tôi còn nhớ luật dạng này đầu tiên là \"Luật Sửa đổi, bổ sung một số điều của các Luật liên quan đến đầu tư xây dựng cơ bản\" ban hành năm 2009, trong đó sửa đổi Luật Xây dựng, Luật Đấu thầu, Luật Doanh nghiệp, Luật Đất đai, Luật Nhà ở. Tuy nhiên, chỉ được một thời gian những điều \"cập kênh\" tái diễn và đang là nguyên nhân chính gây khó khăn cho phê duyệt các dự án đầu tư.\r\n\r\nCứ theo cách này, hệ thống pháp luật nước ta sẽ đi tới đâu để loại bỏ các khoảng trống và khoảng xung đột pháp luật? Trong khi, ở các nước khác, có những văn bản luật đã tồn tại vài trăm năm mà chỉ bị sửa đổi vài điều. Chẳng hạn, chuyên gia Pháp nói với tôi rằng Luật Đất đai của Pháp do trực tiếp Napoleon đọc cho thư ký ghi chép lại, đã hơn 220 năm mà chỉ bị sửa có ba điều.\r\n\r\nTình trạng \"cập kênh pháp luật\" ở Việt Nam có nguyên nhân trước hết do phương pháp tổ chức xây dựng pháp luật. Các luật đều chủ yếu do Chính phủ, là cơ quan hành pháp, xây dựng. Lúc đầu, mỗi Bộ còn xây dựng vài luật thuộc phạm vi quản lý của Bộ mình. Đến nay, các Bộ thường rất lớn, các luật được chia nhỏ hơn theo đầu tổng cục hoặc cục. Khi viết luật, ai cũng muốn dồn quyền lực quyết định quản lý cho mình. Việc thẩm định được giao cho Bộ Tư pháp, mà thực chất cũng chỉ là một vụ phụ trách một ngành luật thẩm định.\r\n\r\nQuốc hội là cơ quan chịu trách nhiệm ban hành, cũng lại giao trách nhiệm chính cho một Ủy ban hoặc Hội đồng dân tộc thẩm định. Trước đây, đã có sáng kiến thành lập bộ phận Đại biểu Quốc hội chuyên trách để hướng tới chức năng xây dựng pháp luật của Quốc hội. Nhưng đến nay, các đại biểu quốc hội chuyên trách chưa đảm nhiệm được chức năng đã định.\r\n\r\nNguyên nhân thứ hai là luật nào cũng muốn thật chi tiết. Sau mỗi lần sửa đổi, các luật đều dày hơn đáng kể. Chi tiết hóa không phải là một định hướng đúng vì luật càng dày thì rắc rối càng nhiều. Cần thiết kế cụ thể khung pháp luật cơ bản cần gì thì đưa vào luật, còn lại là các quy định để triển khai thuộc thẩm quyền của Chính phủ, Bộ, ngành, và UBND cấp tỉnh.\r\n\r\nNguyên nhân thứ ba là đa số luật về lĩnh vực kỹ thuật đều do chuyên gia kỹ thuật viết. Dùng cách viết kỹ thuật vào văn luật sẽ tạo ra sự khó hiểu vô cùng. Tôi đã nghe ý kiến của nhiều chuyên gia từ Hội Luật gia phát biểu rằng họ không hiểu nhiều điều trong luật này hay luật khác (thuộc các lĩnh vực kỹ thuật). Việc luật hóa chính sách cần đến những chuyên gia luật có kinh nghiệm thực hiện.\r\n\r\nNguyên nhân thứ tư là việc xác định phạm vi điều chỉnh của một luật không rõ hoặc xác định rõ những vẫn quy định ra ngoài phạm vi điều chỉnh. Tôi lấy ví dụ: phạm vi điều chỉnh của Luật Đất đai là gì? Các nước đều quy định là \"quản lý đất đai\", Trung Quốc còn quy định hẹp hơn là \"quản lý hành chính đất đai\".\r\n\r\nLuật Đất đai của Việt Nam thì quy định cả quản lý lẫn sử dụng đất. Đáng ra, quản lý việc sử dụng \"đất ở\" thuộc phạm vi của Luật Nhà ở, và cứ thế quy định đối với các loại đất khác sẽ nằm ở các luật khác như Luật Lâm nghiệp, Luật quản lý, sử dụng tài sản công, Luật Quốc phòng, Luật Công an nhân dân, Luật Du lịch, Luật Tín ngưỡng, Tôn giáo... Luật Đất đai chỉ nên quy định những nguyên tắc chung về quản lý sử dụng các loại đất; còn việc sử dụng cụ thể cần quy định tại các luật chuyên ngành liên quan. \"Mập mờ\" về phạm vi điều chỉnh ắt dẫn đến \"xung đột\" giữa các luật liên quan đến thị trường bất động sản.\r\n\r\nGiải pháp là gì để loại bỏ tình trạng \"cập kênh pháp luật\"? Chúng ta cần thay đổi phương cách xây dựng pháp luật. Trước hết, phải thiết kế hệ thống pháp luật một cách khách quan, xem cần có những luật nào và phạm vi điều chỉnh ra sao. Quá trình xây dựng, soạn thảo văn bản luật phải do Quốc hội chủ trì với sự tham gia của các tổ chức, cá nhân chuyên nghiệp. Quốc hội có thể mở đấu thầu về xây dựng một luật nào đó mà bên tham gia có thể là các nhóm chuyên gia từ trường đại học, viện nghiên cứu, nhóm nghiên cứu, hiệp hội, tổ chức xã hội... Việc lấy ý kiến nhân dân cần có tiêu chí cụ thể, giải trình rõ ràng, không thể mang tính hình thức như hiện nay.\r\n\r\nPhát luật là chỗ dựa để phát triển, pháp luật cập kênh thì con đường phát triển cũng không thể bằng phẳng.\r\n\r\nĐặng Hùng Võ');
INSERT INTO `article_images` (`id`, `article_id`, `image_path`, `caption`, `image_contents`) VALUES
(52, 37, '../uploads/Do-n-chu-ti-ch-nu-o-c-ta-i-Per-3094-7262-1731453741.jpg', 'Chủ tịch nước Lương Cường đến sân bay quốc tế Jorge Chavez ở thủ đô Lima của Peru ngày 12/11. Ảnh: TTXVN', 'Đây là chuyến thăm chính thức Peru đầu tiên của Chủ tịch nước Việt Nam, diễn ra trùng dịp hai nước kỷ niệm 30 năm thiết lập quan hệ ngoại giao. Chủ tịch nước Lương Cường sẽ dự lễ đón chính thức do Tổng thống Peru Dina Ercilia Boluarte Zegarra chủ trì, có các cuộc hội đàm và hội kiến với lãnh đạo chính phủ và quốc hội Peru.\r\n\r\nCùng với đó, Chủ tịch nước Lương Cường sẽ gặp gỡ, tiếp xúc với những lãnh đạo APEC, trong đó có nhiều Đối tác chiến lược toàn diện và Đối tác chiến lược của Việt Nam. Chủ tịch nước sẽ dự và có các bài phát biểu tại Hội nghị Thượng đỉnh Doanh nghiệp APEC - CEO Summit, Đối thoại không chính thức giữa các lãnh đạo APEC và khách mời, cùng nhiều hoạt động song phương khác.\r\nDiễn đàn APEC có 21 nền kinh tế thành viên, gồm những nền kinh tế hàng đầu thế giới như Mỹ, Trung Quốc, Nhật Bản..., 9 thành viên Nhóm 20 nền kinh tế lớn (G20) và nhiều nền kinh tế mới nổi, với khoảng 38% dân số thế giới, đóng góp 61% GDP và 47% thương mại toàn cầu.\r\n\r\nViệt Nam và Peru thiết lập quan hệ ngoại giao ngày 14/11/1994. Kim ngạch thương mại hai chiều đã tăng 79,1% từ mức 353,78 triệu USD lên mức 600 triệu USD giai đoạn 2016-2022. Kim ngạch năm 2023 đạt 486 triệu USD và 9 tháng đầu năm 2024 đạt 289,6 triệu USD.\r\n\r\nThanh Danh'),
(53, 38, '../uploads/Chu-ti-ch-nu-o-c-de-n-Peru-jpe-2003-8126-1731453741.jpg', 'Chủ tịch nước Lương Cường và Tổng thống Chile Gabriel Boric Font trước hội đàm ngày 11/11. Ảnh: TTXVN', 'Chủ tịch nước Lương Cường nhấn mạnh Việt Nam coi trọng quan hệ hữu nghị truyền thống và Đối tác toàn diện Việt Nam - Chile, quốc gia đầu tiên tại Nam Mỹ thiết lập quan hệ ngoại giao với Việt Nam (25/3/1971).\r\n\r\nChủ tịch nước cho biết chuyến thăm lần này nhằm khẳng định thông điệp Việt Nam coi trọng và mong muốn thúc đẩy mạnh mẽ hơn quan hệ Đối tác toàn diện với Chile.\r\n\r\nHai bên nhất trí thúc đẩy hợp tác trong các lĩnh vực có thế mạnh và cùng quan tâm như thương mại tự do, nông nghiệp, phát triển bền vững, năng lượng tái tạo, khoa học, giáo dục, du lịch, quốc phòng, an ninh.\r\n\r\nHai lãnh đạo cũng nhất trí tích cực đàm phán, ký kết các văn kiện hợp tác song phương; tạo điều kiện thuận lợi cho cộng đồng doanh nghiệp hai nước tăng cường trao đổi, hợp tác kinh doanh để nâng cao kim ngạch song phương tương xứng với tiềm năng hai nước.\r\n\r\nVề vấn đề Biển Đông, hai bên nhất trí cho rằng các tranh chấp về chủ quyền và lãnh thổ cần được giải quyết bằng các biện pháp hòa bình, trên cơ sở tôn trọng luật pháp quốc tế, nhất là Hiến chương Liên Hợp Quốc và Công ước Liên Hợp Quốc về Luật Biển năm 1982 (UNCLOS 1982).\r\n\r\nSau hội đàm, hai lãnh đạo chứng kiến lễ ký Tuyên bố chung Việt Nam - Chile, bản ghi nhớ về hợp tác quốc phòng và các văn kiện hợp tác trong những lĩnh vực nông nghiệp, văn hóa, xúc tiến thương mại...\r\n\r\nCùng ngày, Chủ tịch nước Lương Cường đã hội kiến Chủ tịch Hạ viện, đồng thời là Chủ tịch Nhóm Nghị sĩ hữu nghị Chile - Việt Nam Karol Cariola và Chủ tịch Thượng viện Chile José Garcia Ruminot. Chủ tịch nước đề\r\nnghị quốc hội hai bên tăng cường hợp tác, phát huy vai trò trong việc ủng hộ\r\nthông qua các sáng kiến, thỏa thuận và hiệp định hợp tác được ký kết giữa\r\nchính phủ, các bộ, ngành và địa phương hai nước.\r\n\r\nViệt Nam và Chile thiết lập quan hệ đối tác toàn diện tháng 5/2007. Kim ngạch năm 2023 đạt 1,57 tỷ USD và 9 tháng đầu 2024 đạt gần 1,3 tỷ USD, tăng 5% so với cùng kỳ năm ngoái. Chile hiện là thị trường xuất khẩu lớn thứ tư của Việt Nam sang Mỹ Latin sau Mexico, Brazil và Argentina, trong khi Việt Nam là đối tác thương mại lớn nhất của Chile trong ASEAN.\r\n\r\nNgọc Ánh'),
(54, 39, '../uploads/AFP-20241108-36LV383-v1-HighRe-6439-7529-1731317813.jpg', 'Xuồng an ninh tuần tra xung quanh câu lạc bộ Mar-a-Lago ngày 8/11. Ảnh: AFP', 'Nhiều thành viên thuộc các câu lạc bộ khác của Trump trên khắp đất nước nhưng không phải Mar-a-Lago đã liên hệ với ban quản lý khu nghỉ dưỡng để xin được vào trong. Số khác tìm cách tiếp cận các thành viên Mar-a-Lago, ngỏ ý sẵn sàng chi tiền để được đưa đến gặp Tổng thống đắc cử tại câu lạc bộ, CNN dẫn lời ba nguồn thạo tin cho hay.\r\n\r\nKhông có hạn chế nào trong việc thành viên câu lạc bộ Mar-a-Lago dẫn theo khách và những người bên ngoài đang cố gắng tận dụng điều này khi nó vẫn còn hiệu lực.\r\n\r\n\"Tôi thậm chí còn không biết mình đã đi cùng thành viên nào của câu lạc bộ\", một người đã đến Mar-a-Lago cùng các cựu quan chức chính quyền cho biết về chuyến đi hồi tuần trước.\r\n\r\nMột số người chỉ muốn tận mắt chứng kiến cảnh tượng thú vị tại Mar-a-Lago, số khác lại có mục đích riêng: Giành được vị trí trong chính quyền tương lai.\r\n\r\n\"Có người đến gặp tôi tối qua tại Mar-a-Lago và nói rằng họ sẽ trở thành thư ký báo chí\", một nguồn tin thân cận với Tổng thống đắc cử cho biết. \"Tôi chưa từng thấy người này trong đời\".\r\n\r\nMột khách giấu tên tại Mar-a-Lago cho hay họ đã báo cáo một người khác với bộ phận an ninh khách sạn, nói rằng vị khách này có biểu hiện \"mất kiểm soát\" trên mạng xã hội và làm rò rỉ những cuộc trò chuyện riêng tư.\r\n\r\nCác cố vấn khẳng định quá trình chuyển giao quyền lực của Trump lần này sẽ quy củ hơn nhiều so với hồi năm 2016 nhằm tránh xa mọi hỗn loạn. Việc Tổng thống đắc cử bổ nhiệm giám đốc chiến dịch Susie Wiles làm chánh văn phòng Nhà Trắng đã báo hiệu với những người trong quỹ đạo của ông rằng có một người đang kiểm soát mọi thứ.\r\n\r\nNhững cố vấn của Trump đã tổ chức các cuộc họp với nhóm chuyển giao và Tổng thống đắc cử vào ban ngày tại khu nghỉ dưỡng, trình bày cho ông các kế hoạch về chính sách và nhân sự. Nhưng sự sôi động chỉ bắt đầu lúc trời tối, khi các thành viên và khách mời xếp hàng dọc hành lang để chào đón Trump trong lúc họ dùng bữa tối.\r\n\r\nDù Trump có một đội mật vụ, vệ sĩ và đoàn tùy tùng riêng, ông thường dừng lại và giao lưu với khách và các thành viên câu lạc bộ, bắt tay và cảm ơn họ vì đã có mặt tại Mar-a-Lago.'),
(55, 39, '../uploads/AFP-20241109-2182973391-v3-Hig-5395-8365-1731317813.jpg', 'Phóng viên đưa tin gần Mar-a-Lago ngày 8/11. Ảnh: AFP', 'Bàn ăn của Tổng thống đắc cử được sắp xếp ở vị trí riêng, tách biệt với xung quanh, nhưng điều đó thường không thể ngăn cản mọi người đến tìm ông trong bữa tối hoặc cố gắng giáp mặt ông khi di chuyển.\r\n\r\n\"Mọi người trình bày ý tưởng khi ông ấy đi ngang qua\", một nguồn tin có mặt tại Mar-a-Lago trong những ngày này nói với CNN.\r\n\r\nMột số thành viên và khách, trong đó có cả những người đang để mắt tới các vị trí nội các, đã được ông Trump tiếp chuyện riêng, mặc dù các cố vấn khẳng định mọi thứ vẫn diễn ra theo quy trình.\r\n\r\nTỷ phú công nghệ Elon Musk cũng gần như đã chuyển hẳn về sống tại câu lạc bộ, nơi các thành viên nhìn thấy ông hoặc đội an ninh tư nhân khổng lồ của ông gần như mỗi ngày.\r\n\r\nCựu ứng viên tổng thống độc lập Robert F. Kennedy Jr., người dự kiến ở lại Palm Beach trong hầu hết thời gian chuyển giao quyền lực, đã chụp ảnh với người hâm mộ tại Mar-a-Lago vào tuần trước. Ông đang cạnh tranh cho một vai trò có ảnh hưởng đến chính sách y tế Mỹ trong chính quyền mới.\r\n\r\nTổng thống đắc cử đã nhiều lần nói rằng sai lầm lớn nhất trong nhiệm kỳ đầu tiên của ông là tuyển dụng \"những người tồi tệ hoặc không trung thành\", vì thế, ông muốn làm mọi việc khác đi trong lần này.\r\n\r\nQuá trình chuyển giao đến nay diễn ra chậm hơn nhiều so với năm 2016. Và giới truyền thông đang chen chúc tại ban công khách sạn, công viên và bãi biển xung quanh Mar-a-Lago, nơi an ninh đã được thắt chặt ở mức cao nhất, để tìm kiếm manh mối về những gương mặt sẽ tham gia chính quyền mới.\r\n\r\nPalm Beach không thực sự trải thảm đỏ đón Trump khi ông lần đầu tiên ghi dấu ấn của mình tại đây bằng việc mua lại Mar-a-Lago vào những năm 1980.\r\n\r\nNhưng khi đi dạo quanh thành phố những ngày này, có thể thấy rõ đây chính là vùng đất của ông. Bikini và mũ mang thương hiệu MAGA xuất hiện đầy rẫy trên đường phố.\r\n\r\nTuần này, Tổng thống Argentina Javier Milei dự kiến đến Mar-a-Lago để gặp Trump và Elon Musk.Cũng trong tuần này, Hội nghị Hành động Chính trị Bảo thủ (CPAC), sẽ tổ chức hội nghị thường niên dành cho các nhà đầu tư tại Mar-a-Lago với giá vé lên tới 25.000 USD.\r\n\r\nSlater Bayliss, nhà vận động hành lang ở Florida, tin rằng Trump sẽ muốn dành nhiều thời gian ở Florida nhất có thể trong nhiệm kỳ thứ hai của mình và điều này sẽ có tác dụng nhất định trong việc biến \"5.806 m2 của Mar-a-Lago trở thành bất động sản thiêng liêng nhất trong vũ trụ chính trị Mỹ\".\r\n\r\nVũ Hoàng (Theo BBC, CNN, AFP, Reuters)'),
(56, 40, '../uploads/gold-2024-11-13T075629-138-8478-1731459442.jpg', 'Giá vàng thế giới giảm 2 phiên liên tiếp trong tuần này. Ảnh: Reuters', 'Dollar Index - đo sức mạnh của đồng bạc xanh với rổ tiền tệ lớn - lên cao nhất 4 tháng. Việc này khiến vàng đắt đỏ với người mua bằng các đồng tiền khác. Lợi suất trái phiếu chính phủ Mỹ cũng nhích lên.\r\n\r\n\"Tôi cho rằng đây chỉ là động thái điều chỉnh. Xu hướng trong dài hạn của thị trường vẫn là đi lên. Các chính sách của Trump sẽ khiến lạm phát tăng tốc trở lên, từ đó kéo vàng lên cao\", Daniel Pavilonis - chiến lược gia thị trường tại RJO Futures nhận định. Ông cho rằng theo biểu đồ kỹ thuật, ngưỡng hỗ trợ của vàng hiện quanh 2.600 USD.\r\n\r\nCarsten Menke - nhà phân tích tại Julius Baer giải thích giá vàng cũng chịu sức ép từ sự lạc quan của nhà đầu tư với tăng trưởng kinh tế Mỹ thời Trump. Tuy nhiên, Menke cho rằng thế giới đa cực và \"mong muốn của ngân hàng trung ương các nước mới nổi về giảm phụ thuộc vào USD sẽ khiến giá vàng tăng trong dài hạn\".\r\n\r\nTrên thị trường chứng khoán Mỹ, các chỉ số chính đi xuống. DJIA giảm 0,86% về 43.910 điểm. S&P 500 hạ 0,3% còn 5.983 điểm. Nasdaq Composite lùi về 19.281 điểm.\r\n\r\nGiới phân tích cho rằng Wall Street điều chỉnh sau 5 phiên tăng liên tiếp kể từ khi cuộc bầu cử Tổng thống Mỹ diễn ra. Các mã hưởng lợi từ chiến thắng của ông Trump giảm mạnh nhất. Cổ phiếu hãng xe điện Tesla sụt hơn 6%. Trump Media & Technology Group mất gần 9%. Russell 2000 - chỉ số theo dõi các cổ phiếu vốn hóa nhỏ - giảm 1,8%.\r\n\r\nTuần này, Mỹ sẽ công bố nhiều số liệu kinh tế quan trọng, như lạm phát tháng 10. Quan chức Fed cũng lần lượt có các bài phát biểu. Nhà đầu tư hiện dự báo Fed tiếp tục giảm lãi suất thêm 25 điểm cơ bản trong tháng 12, nhưng xác suất chỉ là 59%, thấp hơn so với 80% trước khi bầu cử Tổng thống Mỹ diễn ra.\r\n\r\nHà Thu (theo Reuters, CNBC)'),
(57, 41, '../uploads/may-bay-8057-1731388608.jpg', '', 'Tổng công ty hàng không Việt Nam (Vietnam Airlines) vừa lên kế hoạch tăng cường chuyến bay cho nhu cầu đi lại dịp Tết Nguyên đán. Hãng dự kiến thuê thêm 4 tàu bay Airbus A320/A321, trong đó có 2 tàu thuê ướt (bao gồm tổ bay).\r\n\r\nCác máy bay này có sức chứa 180 hành khách và sẽ được phục vụ bởi tiếp viên của Vietnam Airlines và nước ngoài theo tiêu chuẩn dịch vụ của hãng, trừ hệ thống giải trí.\r\n\r\nTheo đại diện Vietnam Airlines, mỗi tàu bay dự kiến khai thác 180 chuyến trong dịp cao điểm Tết 2025, nếu thuê 2 tàu sẽ có thêm 64.800 chỗ, còn thuê 4 tàu sẽ thêm 129.600 chỗ cho thị trường. Hãng kỳ vọng sớm hợp tác với các đối tác cung cấp dịch vụ.\r\n\r\nTrong Tết Nguyên đán năm nay, doanh nghiệp dự định cung cấp khoảng hơn 2,5 triệu vé. Đến nay, hãng đã bán ra 1,5 triệu vé, đạt hai phần ba so với cùng kỳ năm ngoái. Ngày 11/11, hãng vừa tăng thêm chuyến bay nội địa cho các chặng bay ngách như TP HCM - Chu Lai, Quy Nhơn, Buôn Ma Thuột, Gia Lai...\r\n\r\nNgoài Vietnam Airlines, Vietjet Air cũng đã mở bán sớm 2,6 triệu vé Tết cho giai đoạn 15/1 - 12/2/2025. Tương tự, Bamboo Airways cũng đã mở bán vé trong giai đoạn này. Vé máy bay Tết năm nay có giá cao hơn so với cùng kỳ 2023 do số lượng tàu bay hạn chế, chi phí đầu vào leo thang.\r\n\r\nCục Hàng không Việt Nam cho biết sẽ theo dõi tình hình đặt chỗ, giá vé trên các đường bay nội địa để kịp thời chỉ đạo các hãng bổ sung tải, đáp ứng nhu cầu cao điểm Tết Ất Tỵ 2025.\r\n\r\nThi Hà\r\n\r\n');

-- --------------------------------------------------------

--
-- Cấu trúc bảng cho bảng `categories`
--

CREATE TABLE `categories` (
  `id` int(11) NOT NULL,
  `name` varchar(100) NOT NULL,
  `status` enum('on','off') NOT NULL DEFAULT 'on'
) ENGINE=InnoDB DEFAULT CHARSET=utf8mb4 COLLATE=utf8mb4_general_ci;

--
-- Đang đổ dữ liệu cho bảng `categories`
--

INSERT INTO `categories` (`id`, `name`, `status`) VALUES
(1, 'Thời sự', 'on'),
(2, 'Giải trí', 'on'),
(3, 'Thể thao', 'on'),
(4, 'Kinh doanh', 'on'),
(5, 'Góc nhìn', 'on'),
(6, 'Thế giới', 'on'),
(7, 'Bất động sản', 'on'),
(8, 'Khoa học', 'on'),
(9, 'Giáo dục', 'on'),
(10, 'Sức khỏe', 'on'),
(11, 'Đời sống', 'on'),
(12, 'Pháp luật', 'on');

-- --------------------------------------------------------

--
-- Cấu trúc bảng cho bảng `comments`
--

CREATE TABLE `comments` (
  `id` int(11) NOT NULL,
  `article_id` int(11) DEFAULT NULL,
  `user_id` int(11) DEFAULT NULL,
  `comment` text NOT NULL,
  `created_at` timestamp NOT NULL DEFAULT current_timestamp(),
  `status` enum('pending','approved','rejected') NOT NULL DEFAULT 'pending'
) ENGINE=InnoDB DEFAULT CHARSET=utf8mb4 COLLATE=utf8mb4_general_ci;

--
-- Đang đổ dữ liệu cho bảng `comments`
--

INSERT INTO `comments` (`id`, `article_id`, `user_id`, `comment`, `created_at`, `status`) VALUES
(22, 25, NULL, 'cc', '0000-00-00 00:00:00', 'pending'),
(25, 25, NULL, 'lax', '0000-00-00 00:00:00', 'pending'),
(28, 23, NULL, 'toni boy', '2024-10-14 17:32:12', 'approved'),
(29, 23, NULL, 'toni 123', '2024-10-14 17:33:14', 'approved'),
(30, 22, NULL, 'anh huy', '2024-10-14 17:35:54', 'approved'),
(31, 25, NULL, '123', '2024-10-15 01:41:42', 'pending'),
(33, 25, NULL, 'toni', '2024-10-15 01:44:52', 'approved'),
(35, 25, NULL, 'alo', '2024-10-18 15:36:26', 'approved');

-- --------------------------------------------------------

--
-- Cấu trúc bảng cho bảng `users`
--

CREATE TABLE `users` (
  `id` int(11) NOT NULL,
  `username` varchar(50) NOT NULL,
  `password` varchar(255) NOT NULL,
  `email` varchar(100) NOT NULL,
  `role` enum('admin','user') DEFAULT 'user',
  `created_at` timestamp NOT NULL DEFAULT current_timestamp()
) ENGINE=InnoDB DEFAULT CHARSET=utf8mb4 COLLATE=utf8mb4_general_ci;

--
-- Đang đổ dữ liệu cho bảng `users`
--

INSERT INTO `users` (`id`, `username`, `password`, `email`, `role`, `created_at`) VALUES
(2, 'user1', '$2y$10$uB9Ea7g1u9FNx8Nj0dOzOeVRuBiE5emc7iNBlgHicx6n0HcSBNeG6', 'user1@example.com', 'user', '2024-09-24 15:02:51'),
(3, 'user2', '$2y$10$uB9Ea7g1u9FNx8Nj0dOzOeVRuBiE5emc7iNBlgHicx6n0HcSBNeG6', 'user2@example.com', 'user', '2024-09-24 15:02:51'),
(4, 'admin123', '$2y$10$h2B3wgtsRnxWhrqPr7D/VePnfGryEHgO20llGtVd3UT2SUI8dLGyu', 'tungxeko0608@gmail.com', 'admin', '2024-09-24 15:16:52'),
(7, 'huy', '$2y$10$gELYkycfpXzoBGXXWEak9eWT8xLPGhixdkofIk7V/4uKLwwyMjnce', 'ngokiet229@gmail.com', 'admin', '2024-10-03 02:19:01'),
(8, 'adminn', '$2y$10$Tx6mTLZL9cQ/7Mm.bVWOf.M9YwW0tLOY1UqGZEoUSddXUptZNjDrq', 'duongduy01012024@gmail.com', 'admin', '2024-10-03 03:16:19'),
(18, 'adminnc', '$2y$10$ZeO6eh5yKQjqOTCgRzsGuOmxORH0QnGql3dLX7Ef3qv3JnxhuL53W', 'adf@gmail.com', 'user', '2024-10-03 09:10:48'),
(19, 'fà', '$2y$10$ThbYgcxgvHCyRmJEqQ0oBuH2ZY5A7Dp1B2xWK8lTw1VuTzPfvTbrq', '4fda@gmail.com', 'user', '2024-10-03 10:17:50'),
(20, '5325', '$2y$10$/f1r6P1ygqKfDzUmdfBTwuIl06N7w0uSHAG/NimG8DH7LzJ9mkZfK', '2134@gmail.com', 'user', '2024-10-03 10:18:31'),
(21, '43fsa', '$2y$10$.USVo0R.bwa8I3NJaHlqJec5boB/nAzHLvUimtC6qmw2QW2Um0kpe', 'dd@gmail.com', 'user', '2024-10-03 10:18:59'),
(23, 'admin', '$2y$10$RU9hp8mY/ya43dhN47nB5ODoM8imUe1R0603K04zcAAF.WLbJelky', 'toni@gmail.com', 'user', '2024-10-15 01:47:18'),
(28, 'mthuyet294@gmail.com', '$2y$10$/RDdr22B5un8ZxXqroRSuuUxKDx0mPDEGlJKOfcymF4aO3Hy.Qw4W', 'kietnpapi00032@gmail.com', 'user', '2024-11-11 15:47:07');

--
-- Chỉ mục cho các bảng đã đổ
--

--
-- Chỉ mục cho bảng `articles`
--
ALTER TABLE `articles`
  ADD PRIMARY KEY (`id`),
  ADD KEY `category_id` (`category_id`),
  ADD KEY `user_id` (`user_id`);

--
-- Chỉ mục cho bảng `article_images`
--
ALTER TABLE `article_images`
  ADD PRIMARY KEY (`id`),
  ADD KEY `article_id` (`article_id`);

--
-- Chỉ mục cho bảng `categories`
--
ALTER TABLE `categories`
  ADD PRIMARY KEY (`id`),
  ADD UNIQUE KEY `name` (`name`);

--
-- Chỉ mục cho bảng `comments`
--
ALTER TABLE `comments`
  ADD PRIMARY KEY (`id`),
  ADD KEY `article_id` (`article_id`),
  ADD KEY `user_id` (`user_id`);

--
-- Chỉ mục cho bảng `users`
--
ALTER TABLE `users`
  ADD PRIMARY KEY (`id`),
  ADD UNIQUE KEY `username` (`username`),
  ADD UNIQUE KEY `email` (`email`);

--
-- AUTO_INCREMENT cho các bảng đã đổ
--

--
-- AUTO_INCREMENT cho bảng `articles`
--
ALTER TABLE `articles`
  MODIFY `id` int(11) NOT NULL AUTO_INCREMENT, AUTO_INCREMENT=42;

--
-- AUTO_INCREMENT cho bảng `article_images`
--
ALTER TABLE `article_images`
  MODIFY `id` int(11) NOT NULL AUTO_INCREMENT, AUTO_INCREMENT=58;

--
-- AUTO_INCREMENT cho bảng `categories`
--
ALTER TABLE `categories`
  MODIFY `id` int(11) NOT NULL AUTO_INCREMENT, AUTO_INCREMENT=13;

--
-- AUTO_INCREMENT cho bảng `comments`
--
ALTER TABLE `comments`
  MODIFY `id` int(11) NOT NULL AUTO_INCREMENT, AUTO_INCREMENT=36;

--
-- AUTO_INCREMENT cho bảng `users`
--
ALTER TABLE `users`
  MODIFY `id` int(11) NOT NULL AUTO_INCREMENT, AUTO_INCREMENT=29;

--
-- Các ràng buộc cho các bảng đã đổ
--

--
-- Các ràng buộc cho bảng `articles`
--
ALTER TABLE `articles`
  ADD CONSTRAINT `articles_ibfk_1` FOREIGN KEY (`category_id`) REFERENCES `categories` (`id`),
  ADD CONSTRAINT `articles_ibfk_2` FOREIGN KEY (`user_id`) REFERENCES `users` (`id`);

--
-- Các ràng buộc cho bảng `article_images`
--
ALTER TABLE `article_images`
  ADD CONSTRAINT `article_images_ibfk_1` FOREIGN KEY (`article_id`) REFERENCES `articles` (`id`) ON DELETE CASCADE;

--
-- Các ràng buộc cho bảng `comments`
--
ALTER TABLE `comments`
  ADD CONSTRAINT `comments_ibfk_1` FOREIGN KEY (`article_id`) REFERENCES `articles` (`id`),
  ADD CONSTRAINT `comments_ibfk_2` FOREIGN KEY (`user_id`) REFERENCES `users` (`id`);
COMMIT;

/*!40101 SET CHARACTER_SET_CLIENT=@OLD_CHARACTER_SET_CLIENT */;
/*!40101 SET CHARACTER_SET_RESULTS=@OLD_CHARACTER_SET_RESULTS */;
/*!40101 SET COLLATION_CONNECTION=@OLD_COLLATION_CONNECTION */;
